Codi_Districte,Preu_mitja_habitatge,Nom_Districte,Trimestre,Nom_Barri,Valor,Codi_Barri,_id,Any
1,Total. Milers d'euros,Ciutat Vella,1,el Raval,226.1,1,1,2022
1,Total. Milers d'euros,Ciutat Vella,1,el Barri Gòtic,453.0,2,2,2022
1,Total. Milers d'euros,Ciutat Vella,1,la Barceloneta,215.4,3,3,2022
1,Total. Milers d'euros,Ciutat Vella,1,"Sant Pere, Santa Caterina i la Ribera",353.3,4,4,2022
2,Total. Milers d'euros,Eixample,1,el Fort Pienc,340.0,5,5,2022
2,Total. Milers d'euros,Eixample,1,la Sagrada Família,301.0,6,6,2022
2,Total. Milers d'euros,Eixample,1,la Dreta de l'Eixample,755.8,7,7,2022
2,Total. Milers d'euros,Eixample,1,l'Antiga Esquerra de l'Eixample,470.3,8,8,2022
2,Total. Milers d'euros,Eixample,1,la Nova Esquerra de l'Eixample,328.1,9,9,2022
2,Total. Milers d'euros,Eixample,1,Sant Antoni,370.6,10,10,2022
3,Total. Milers d'euros,Sants-Montjuïc,1,el Poble Sec,253.1,11,11,2022
3,Total. Milers d'euros,Sants-Montjuïc,1,la Marina del Prat Vermell,--,12,12,2022
3,Total. Milers d'euros,Sants-Montjuïc,1,la Marina de Port,228.6,13,13,2022
3,Total. Milers d'euros,Sants-Montjuïc,1,la Font de la Guatlla,237.8,14,14,2022
3,Total. Milers d'euros,Sants-Montjuïc,1,Hostafrancs,250.7,15,15,2022
3,Total. Milers d'euros,Sants-Montjuïc,1,la Bordeta,211.6,16,16,2022
3,Total. Milers d'euros,Sants-Montjuïc,1,Sants - Badal,245.0,17,17,2022
3,Total. Milers d'euros,Sants-Montjuïc,1,Sants,264.0,18,18,2022
4,Total. Milers d'euros,Les Corts,1,les Corts,459.5,19,19,2022
4,Total. Milers d'euros,Les Corts,1,la Maternitat i Sant Ramon,346.7,20,20,2022
4,Total. Milers d'euros,Les Corts,1,Pedralbes,783.2,21,21,2022
5,Total. Milers d'euros,Sarrià-Sant Gervasi,1,"Vallvidrera, el Tibidabo i les Planes",353.8,22,22,2022
5,Total. Milers d'euros,Sarrià-Sant Gervasi,1,Sarrià,736.5,23,23,2022
5,Total. Milers d'euros,Sarrià-Sant Gervasi,1,les Tres Torres,896.7,24,24,2022
5,Total. Milers d'euros,Sarrià-Sant Gervasi,1,Sant Gervasi - la Bonanova,706.1,25,25,2022
5,Total. Milers d'euros,Sarrià-Sant Gervasi,1,Sant Gervasi - Galvany,732.7,26,26,2022
2,Nou. Milers d'euros,Eixample,1,Sant Antoni,344.0,10,83,2022
5,Total. Milers d'euros,Sarrià-Sant Gervasi,1,el Putxet i el Farró,511.8,27,27,2022
6,Total. Milers d'euros,Gràcia,1,Vallcarca i els Penitents,297.6,28,28,2022
6,Total. Milers d'euros,Gràcia,1,el Coll,212.5,29,29,2022
6,Total. Milers d'euros,Gràcia,1,la Salut,281.0,30,30,2022
6,Total. Milers d'euros,Gràcia,1,la Vila de Gràcia,388.5,31,31,2022
6,Total. Milers d'euros,Gràcia,1,el Camp d'en Grassot i Gràcia Nova,330.3,32,32,2022
7,Total. Milers d'euros,Horta-Guinardó,1,el Baix Guinardó,279.9,33,33,2022
7,Total. Milers d'euros,Horta-Guinardó,1,Can Baró,234.2,34,34,2022
7,Total. Milers d'euros,Horta-Guinardó,1,el Guinardó,276.3,35,35,2022
7,Total. Milers d'euros,Horta-Guinardó,1,la Font d'en Fargues,301.4,36,36,2022
7,Total. Milers d'euros,Horta-Guinardó,1,el Carmel,149.5,37,37,2022
7,Total. Milers d'euros,Horta-Guinardó,1,la Teixonera,252.5,38,38,2022
7,Total. Milers d'euros,Horta-Guinardó,1,Sant Genís dels Agudells,153.1,39,39,2022
7,Total. Milers d'euros,Horta-Guinardó,1,Montbau,166.2,40,40,2022
7,Total. Milers d'euros,Horta-Guinardó,1,la Vall d'Hebron,268.0,41,41,2022
7,Total. Milers d'euros,Horta-Guinardó,1,la Clota,--,42,42,2022
7,Total. Milers d'euros,Horta-Guinardó,1,Horta,237.6,43,43,2022
8,Total. Milers d'euros,Nou Barris,1,Vilapicina i la Torre Llobeta,206.3,44,44,2022
8,Total. Milers d'euros,Nou Barris,1,Porta,235.6,45,45,2022
8,Total. Milers d'euros,Nou Barris,1,el Turó de la Peira,126.3,46,46,2022
8,Total. Milers d'euros,Nou Barris,1,Can Peguera,--,47,47,2022
8,Total. Milers d'euros,Nou Barris,1,la Guineueta,225.6,48,48,2022
8,Total. Milers d'euros,Nou Barris,1,Canyelles,188.8,49,49,2022
8,Total. Milers d'euros,Nou Barris,1,les Roquetes,127.6,50,50,2022
8,Total. Milers d'euros,Nou Barris,1,Verdun,162.3,51,51,2022
8,Total. Milers d'euros,Nou Barris,1,la Prosperitat,164.4,52,52,2022
8,Total. Milers d'euros,Nou Barris,1,la Trinitat Nova,83.4,53,53,2022
8,Total. Milers d'euros,Nou Barris,1,Torre Baró,--,54,54,2022
8,Total. Milers d'euros,Nou Barris,1,Ciutat Meridiana,94.1,55,55,2022
8,Total. Milers d'euros,Nou Barris,1,Vallbona,--,56,56,2022
9,Total. Milers d'euros,Sant Andreu,1,la Trinitat Vella,108.3,57,57,2022
9,Total. Milers d'euros,Sant Andreu,1,Baró de Viver,--,58,58,2022
9,Total. Milers d'euros,Sant Andreu,1,el Bon Pastor,173.6,59,59,2022
9,Total. Milers d'euros,Sant Andreu,1,Sant Andreu,279.0,60,60,2022
9,Total. Milers d'euros,Sant Andreu,1,la Sagrera,249.5,61,61,2022
9,Total. Milers d'euros,Sant Andreu,1,el Congrés i els Indians,315.2,62,62,2022
9,Total. Milers d'euros,Sant Andreu,1,Navas,269.2,63,63,2022
10,Total. Milers d'euros,Sant Martí,1,el Camp de l'Arpa del Clot,235.5,64,64,2022
10,Total. Milers d'euros,Sant Martí,1,el Clot,427.6,65,65,2022
10,Total. Milers d'euros,Sant Martí,1,el Parc i la Llacuna del Poblenou,549.1,66,66,2022
10,Total. Milers d'euros,Sant Martí,1,la Vila Olímpica del Poblenou,455.2,67,67,2022
10,Total. Milers d'euros,Sant Martí,1,el Poblenou,416.1,68,68,2022
10,Total. Milers d'euros,Sant Martí,1,Diagonal Mar i el Front Marítim del Poblenou,637.7,69,69,2022
10,Total. Milers d'euros,Sant Martí,1,el Besòs i el Maresme,256.3,70,70,2022
10,Total. Milers d'euros,Sant Martí,1,Provençals del Poblenou,247.6,71,71,2022
10,Total. Milers d'euros,Sant Martí,1,Sant Martí de Provençals,202.9,72,72,2022
10,Total. Milers d'euros,Sant Martí,1,la Verneda i la Pau,160.7,73,73,2022
1,Nou. Milers d'euros,Ciutat Vella,1,el Raval,--,1,74,2022
1,Nou. Milers d'euros,Ciutat Vella,1,el Barri Gòtic,1391.7,2,75,2022
1,Nou. Milers d'euros,Ciutat Vella,1,la Barceloneta,154.2,3,76,2022
1,Nou. Milers d'euros,Ciutat Vella,1,"Sant Pere, Santa Caterina i la Ribera",312.0,4,77,2022
2,Nou. Milers d'euros,Eixample,1,el Fort Pienc,414.8,5,78,2022
2,Nou. Milers d'euros,Eixample,1,la Sagrada Família,--,6,79,2022
2,Nou. Milers d'euros,Eixample,1,la Dreta de l'Eixample,899.8,7,80,2022
2,Nou. Milers d'euros,Eixample,1,l'Antiga Esquerra de l'Eixample,508.9,8,81,2022
2,Nou. Milers d'euros,Eixample,1,la Nova Esquerra de l'Eixample,305.3,9,82,2022
3,Nou. Milers d'euros,Sants-Montjuïc,1,el Poble Sec,--,11,84,2022
3,Nou. Milers d'euros,Sants-Montjuïc,1,la Marina del Prat Vermell,--,12,85,2022
3,Nou. Milers d'euros,Sants-Montjuïc,1,la Marina de Port,--,13,86,2022
3,Nou. Milers d'euros,Sants-Montjuïc,1,la Font de la Guatlla,195.4,14,87,2022
3,Nou. Milers d'euros,Sants-Montjuïc,1,Hostafrancs,265.5,15,88,2022
3,Nou. Milers d'euros,Sants-Montjuïc,1,la Bordeta,--,16,89,2022
3,Nou. Milers d'euros,Sants-Montjuïc,1,Sants - Badal,204.8,17,90,2022
3,Nou. Milers d'euros,Sants-Montjuïc,1,Sants,216.7,18,91,2022
4,Nou. Milers d'euros,Les Corts,1,les Corts,605.9,19,92,2022
4,Nou. Milers d'euros,Les Corts,1,la Maternitat i Sant Ramon,--,20,93,2022
4,Nou. Milers d'euros,Les Corts,1,Pedralbes,356.6,21,94,2022
5,Nou. Milers d'euros,Sarrià-Sant Gervasi,1,"Vallvidrera, el Tibidabo i les Planes",--,22,95,2022
5,Nou. Milers d'euros,Sarrià-Sant Gervasi,1,Sarrià,587.0,23,96,2022
5,Nou. Milers d'euros,Sarrià-Sant Gervasi,1,les Tres Torres,--,24,97,2022
5,Nou. Milers d'euros,Sarrià-Sant Gervasi,1,Sant Gervasi - la Bonanova,541.4,25,98,2022
5,Nou. Milers d'euros,Sarrià-Sant Gervasi,1,Sant Gervasi - Galvany,823.4,26,99,2022
5,Nou. Milers d'euros,Sarrià-Sant Gervasi,1,el Putxet i el Farró,669.3,27,100,2022
6,Nou. Milers d'euros,Gràcia,1,Vallcarca i els Penitents,291.3,28,101,2022
6,Nou. Milers d'euros,Gràcia,1,el Coll,245.3,29,102,2022
6,Nou. Milers d'euros,Gràcia,1,la Salut,--,30,103,2022
6,Nou. Milers d'euros,Gràcia,1,la Vila de Gràcia,--,31,104,2022
6,Nou. Milers d'euros,Gràcia,1,el Camp d'en Grassot i Gràcia Nova,--,32,105,2022
7,Nou. Milers d'euros,Horta-Guinardó,1,el Baix Guinardó,--,33,106,2022
7,Nou. Milers d'euros,Horta-Guinardó,1,Can Baró,--,34,107,2022
7,Nou. Milers d'euros,Horta-Guinardó,1,el Guinardó,454.8,35,108,2022
7,Nou. Milers d'euros,Horta-Guinardó,1,la Font d'en Fargues,364.7,36,109,2022
7,Nou. Milers d'euros,Horta-Guinardó,1,el Carmel,150.6,37,110,2022
7,Nou. Milers d'euros,Horta-Guinardó,1,la Teixonera,193.1,38,111,2022
7,Nou. Milers d'euros,Horta-Guinardó,1,Sant Genís dels Agudells,--,39,112,2022
7,Nou. Milers d'euros,Horta-Guinardó,1,Montbau,--,40,113,2022
7,Nou. Milers d'euros,Horta-Guinardó,1,la Vall d'Hebron,--,41,114,2022
7,Nou. Milers d'euros,Horta-Guinardó,1,la Clota,--,42,115,2022
7,Nou. Milers d'euros,Horta-Guinardó,1,Horta,245.1,43,116,2022
8,Nou. Milers d'euros,Nou Barris,1,Vilapicina i la Torre Llobeta,--,44,117,2022
8,Nou. Milers d'euros,Nou Barris,1,Porta,--,45,118,2022
8,Nou. Milers d'euros,Nou Barris,1,el Turó de la Peira,--,46,119,2022
8,Nou. Milers d'euros,Nou Barris,1,Can Peguera,--,47,120,2022
8,Nou. Milers d'euros,Nou Barris,1,la Guineueta,--,48,121,2022
8,Nou. Milers d'euros,Nou Barris,1,Canyelles,--,49,122,2022
8,Nou. Milers d'euros,Nou Barris,1,les Roquetes,--,50,123,2022
8,Nou. Milers d'euros,Nou Barris,1,Verdun,--,51,124,2022
8,Nou. Milers d'euros,Nou Barris,1,la Prosperitat,--,52,125,2022
8,Nou. Milers d'euros,Nou Barris,1,la Trinitat Nova,--,53,126,2022
8,Nou. Milers d'euros,Nou Barris,1,Torre Baró,--,54,127,2022
8,Nou. Milers d'euros,Nou Barris,1,Ciutat Meridiana,--,55,128,2022
8,Nou. Milers d'euros,Nou Barris,1,Vallbona,--,56,129,2022
9,Nou. Milers d'euros,Sant Andreu,1,la Trinitat Vella,--,57,130,2022
9,Nou. Milers d'euros,Sant Andreu,1,Baró de Viver,--,58,131,2022
9,Nou. Milers d'euros,Sant Andreu,1,el Bon Pastor,--,59,132,2022
9,Nou. Milers d'euros,Sant Andreu,1,Sant Andreu,390.7,60,133,2022
9,Nou. Milers d'euros,Sant Andreu,1,la Sagrera,--,61,134,2022
9,Nou. Milers d'euros,Sant Andreu,1,el Congrés i els Indians,407.5,62,135,2022
9,Nou. Milers d'euros,Sant Andreu,1,Navas,--,63,136,2022
10,Nou. Milers d'euros,Sant Martí,1,el Camp de l'Arpa del Clot,--,64,137,2022
10,Nou. Milers d'euros,Sant Martí,1,el Clot,--,65,138,2022
10,Nou. Milers d'euros,Sant Martí,1,el Parc i la Llacuna del Poblenou,612.4,66,139,2022
10,Nou. Milers d'euros,Sant Martí,1,la Vila Olímpica del Poblenou,593.0,67,140,2022
10,Nou. Milers d'euros,Sant Martí,1,el Poblenou,466.0,68,141,2022
10,Nou. Milers d'euros,Sant Martí,1,Diagonal Mar i el Front Marítim del Poblenou,--,69,142,2022
10,Nou. Milers d'euros,Sant Martí,1,el Besòs i el Maresme,405.4,70,143,2022
10,Nou. Milers d'euros,Sant Martí,1,Provençals del Poblenou,174.2,71,144,2022
10,Nou. Milers d'euros,Sant Martí,1,Sant Martí de Provençals,--,72,145,2022
10,Nou. Milers d'euros,Sant Martí,1,la Verneda i la Pau,--,73,146,2022
1,Usat. Milers d'euros,Ciutat Vella,1,el Raval,226.1,1,147,2022
1,Usat. Milers d'euros,Ciutat Vella,1,el Barri Gòtic,393.1,2,148,2022
1,Usat. Milers d'euros,Ciutat Vella,1,la Barceloneta,222.4,3,149,2022
1,Usat. Milers d'euros,Ciutat Vella,1,"Sant Pere, Santa Caterina i la Ribera",357.5,4,150,2022
2,Usat. Milers d'euros,Eixample,1,el Fort Pienc,334.1,5,151,2022
2,Usat. Milers d'euros,Eixample,1,la Sagrada Família,302.6,6,152,2022
2,Usat. Milers d'euros,Eixample,1,la Dreta de l'Eixample,705.3,7,153,2022
2,Usat. Milers d'euros,Eixample,1,l'Antiga Esquerra de l'Eixample,464.6,8,154,2022
2,Usat. Milers d'euros,Eixample,1,la Nova Esquerra de l'Eixample,333.5,9,155,2022
2,Usat. Milers d'euros,Eixample,1,Sant Antoni,374.1,10,156,2022
3,Usat. Milers d'euros,Sants-Montjuïc,1,el Poble Sec,256.6,11,157,2022
3,Usat. Milers d'euros,Sants-Montjuïc,1,la Marina del Prat Vermell,--,12,158,2022
3,Usat. Milers d'euros,Sants-Montjuïc,1,la Marina de Port,233.8,13,159,2022
3,Usat. Milers d'euros,Sants-Montjuïc,1,la Font de la Guatlla,245.4,14,160,2022
3,Usat. Milers d'euros,Sants-Montjuïc,1,Hostafrancs,241.3,15,161,2022
3,Usat. Milers d'euros,Sants-Montjuïc,1,la Bordeta,172.0,16,162,2022
3,Usat. Milers d'euros,Sants-Montjuïc,1,Sants - Badal,259.7,17,163,2022
3,Usat. Milers d'euros,Sants-Montjuïc,1,Sants,266.6,18,164,2022
4,Usat. Milers d'euros,Les Corts,1,les Corts,436.5,19,165,2022
4,Usat. Milers d'euros,Les Corts,1,la Maternitat i Sant Ramon,336.3,20,166,2022
4,Usat. Milers d'euros,Les Corts,1,Pedralbes,1144.1,21,167,2022
8,Usat. Milers d'euros,Nou Barris,1,Canyelles,188.8,49,195,2022
5,Usat. Milers d'euros,Sarrià-Sant Gervasi,1,"Vallvidrera, el Tibidabo i les Planes",353.8,22,168,2022
5,Usat. Milers d'euros,Sarrià-Sant Gervasi,1,Sarrià,743.1,23,169,2022
5,Usat. Milers d'euros,Sarrià-Sant Gervasi,1,les Tres Torres,889.9,24,170,2022
5,Usat. Milers d'euros,Sarrià-Sant Gervasi,1,Sant Gervasi - la Bonanova,743.3,25,171,2022
5,Usat. Milers d'euros,Sarrià-Sant Gervasi,1,Sant Gervasi - Galvany,693.7,26,172,2022
5,Usat. Milers d'euros,Sarrià-Sant Gervasi,1,el Putxet i el Farró,496.4,27,173,2022
6,Usat. Milers d'euros,Gràcia,1,Vallcarca i els Penitents,298.6,28,174,2022
6,Usat. Milers d'euros,Gràcia,1,el Coll,196.2,29,175,2022
6,Usat. Milers d'euros,Gràcia,1,la Salut,286.0,30,176,2022
6,Usat. Milers d'euros,Gràcia,1,la Vila de Gràcia,388.2,31,177,2022
6,Usat. Milers d'euros,Gràcia,1,el Camp d'en Grassot i Gràcia Nova,330.3,32,178,2022
7,Usat. Milers d'euros,Horta-Guinardó,1,el Baix Guinardó,279.9,33,179,2022
7,Usat. Milers d'euros,Horta-Guinardó,1,Can Baró,234.2,34,180,2022
7,Usat. Milers d'euros,Horta-Guinardó,1,el Guinardó,257.8,35,181,2022
7,Usat. Milers d'euros,Horta-Guinardó,1,la Font d'en Fargues,253.9,36,182,2022
7,Usat. Milers d'euros,Horta-Guinardó,1,el Carmel,149.3,37,183,2022
7,Usat. Milers d'euros,Horta-Guinardó,1,la Teixonera,282.1,38,184,2022
7,Usat. Milers d'euros,Horta-Guinardó,1,Sant Genís dels Agudells,137.0,39,185,2022
7,Usat. Milers d'euros,Horta-Guinardó,1,Montbau,165.8,40,186,2022
7,Usat. Milers d'euros,Horta-Guinardó,1,la Vall d'Hebron,287.3,41,187,2022
7,Usat. Milers d'euros,Horta-Guinardó,1,la Clota,--,42,188,2022
7,Usat. Milers d'euros,Horta-Guinardó,1,Horta,236.1,43,189,2022
8,Usat. Milers d'euros,Nou Barris,1,Vilapicina i la Torre Llobeta,207.9,44,190,2022
8,Usat. Milers d'euros,Nou Barris,1,Porta,235.6,45,191,2022
8,Usat. Milers d'euros,Nou Barris,1,el Turó de la Peira,126.3,46,192,2022
8,Usat. Milers d'euros,Nou Barris,1,Can Peguera,--,47,193,2022
8,Usat. Milers d'euros,Nou Barris,1,la Guineueta,225.6,48,194,2022
8,Usat. Milers d'euros,Nou Barris,1,les Roquetes,127.6,50,196,2022
8,Usat. Milers d'euros,Nou Barris,1,Verdun,162.3,51,197,2022
8,Usat. Milers d'euros,Nou Barris,1,la Prosperitat,164.4,52,198,2022
8,Usat. Milers d'euros,Nou Barris,1,la Trinitat Nova,83.4,53,199,2022
8,Usat. Milers d'euros,Nou Barris,1,Torre Baró,--,54,200,2022
8,Usat. Milers d'euros,Nou Barris,1,Ciutat Meridiana,94.1,55,201,2022
8,Usat. Milers d'euros,Nou Barris,1,Vallbona,--,56,202,2022
9,Usat. Milers d'euros,Sant Andreu,1,la Trinitat Vella,108.3,57,203,2022
9,Usat. Milers d'euros,Sant Andreu,1,Baró de Viver,--,58,204,2022
9,Usat. Milers d'euros,Sant Andreu,1,el Bon Pastor,173.6,59,205,2022
9,Usat. Milers d'euros,Sant Andreu,1,Sant Andreu,258.0,60,206,2022
9,Usat. Milers d'euros,Sant Andreu,1,la Sagrera,249.5,61,207,2022
9,Usat. Milers d'euros,Sant Andreu,1,el Congrés i els Indians,288.8,62,208,2022
9,Usat. Milers d'euros,Sant Andreu,1,Navas,269.2,63,209,2022
10,Usat. Milers d'euros,Sant Martí,1,el Camp de l'Arpa del Clot,235.5,64,210,2022
10,Usat. Milers d'euros,Sant Martí,1,el Clot,425.1,65,211,2022
10,Usat. Milers d'euros,Sant Martí,1,el Parc i la Llacuna del Poblenou,335.9,66,212,2022
10,Usat. Milers d'euros,Sant Martí,1,la Vila Olímpica del Poblenou,446.6,67,213,2022
10,Usat. Milers d'euros,Sant Martí,1,el Poblenou,372.2,68,214,2022
10,Usat. Milers d'euros,Sant Martí,1,Diagonal Mar i el Front Marítim del Poblenou,637.7,69,215,2022
10,Usat. Milers d'euros,Sant Martí,1,el Besòs i el Maresme,193.7,70,216,2022
10,Usat. Milers d'euros,Sant Martí,1,Provençals del Poblenou,274.3,71,217,2022
10,Usat. Milers d'euros,Sant Martí,1,Sant Martí de Provençals,202.9,72,218,2022
10,Usat. Milers d'euros,Sant Martí,1,la Verneda i la Pau,160.7,73,219,2022
1,Total. Euros/m2 construït,Ciutat Vella,1,el Raval,3203.0,1,220,2022
1,Total. Euros/m2 construït,Ciutat Vella,1,el Barri Gòtic,4755.7,2,221,2022
1,Total. Euros/m2 construït,Ciutat Vella,1,la Barceloneta,4489.8,3,222,2022
1,Total. Euros/m2 construït,Ciutat Vella,1,"Sant Pere, Santa Caterina i la Ribera",4739.0,4,223,2022
2,Total. Euros/m2 construït,Eixample,1,el Fort Pienc,4175.4,5,224,2022
2,Total. Euros/m2 construït,Eixample,1,la Sagrada Família,3987.4,6,225,2022
2,Total. Euros/m2 construït,Eixample,1,la Dreta de l'Eixample,6321.1,7,226,2022
2,Total. Euros/m2 construït,Eixample,1,l'Antiga Esquerra de l'Eixample,4933.4,8,227,2022
2,Total. Euros/m2 construït,Eixample,1,la Nova Esquerra de l'Eixample,4129.5,9,228,2022
2,Total. Euros/m2 construït,Eixample,1,Sant Antoni,4523.9,10,229,2022
3,Total. Euros/m2 construït,Sants-Montjuïc,1,el Poble Sec,3733.8,11,230,2022
3,Total. Euros/m2 construït,Sants-Montjuïc,1,la Marina del Prat Vermell,--,12,231,2022
3,Total. Euros/m2 construït,Sants-Montjuïc,1,la Marina de Port,3451.5,13,232,2022
3,Total. Euros/m2 construït,Sants-Montjuïc,1,la Font de la Guatlla,3198.8,14,233,2022
3,Total. Euros/m2 construït,Sants-Montjuïc,1,Hostafrancs,3830.5,15,234,2022
3,Total. Euros/m2 construït,Sants-Montjuïc,1,la Bordeta,3676.4,16,235,2022
3,Total. Euros/m2 construït,Sants-Montjuïc,1,Sants - Badal,3632.0,17,236,2022
3,Total. Euros/m2 construït,Sants-Montjuïc,1,Sants,3824.8,18,237,2022
4,Total. Euros/m2 construït,Les Corts,1,les Corts,5005.7,19,238,2022
4,Total. Euros/m2 construït,Les Corts,1,la Maternitat i Sant Ramon,4091.8,20,239,2022
4,Total. Euros/m2 construït,Les Corts,1,Pedralbes,5078.9,21,240,2022
5,Total. Euros/m2 construït,Sarrià-Sant Gervasi,1,"Vallvidrera, el Tibidabo i les Planes",3747.0,22,241,2022
5,Total. Euros/m2 construït,Sarrià-Sant Gervasi,1,Sarrià,6042.0,23,242,2022
5,Total. Euros/m2 construït,Sarrià-Sant Gervasi,1,les Tres Torres,5799.4,24,243,2022
5,Total. Euros/m2 construït,Sarrià-Sant Gervasi,1,Sant Gervasi - la Bonanova,6148.2,25,244,2022
5,Total. Euros/m2 construït,Sarrià-Sant Gervasi,1,Sant Gervasi - Galvany,5895.0,26,245,2022
5,Total. Euros/m2 construït,Sarrià-Sant Gervasi,1,el Putxet i el Farró,5142.9,27,246,2022
6,Total. Euros/m2 construït,Gràcia,1,Vallcarca i els Penitents,4126.5,28,247,2022
6,Total. Euros/m2 construït,Gràcia,1,el Coll,2723.8,29,248,2022
6,Total. Euros/m2 construït,Gràcia,1,la Salut,3102.7,30,249,2022
6,Total. Euros/m2 construït,Gràcia,1,la Vila de Gràcia,4758.3,31,250,2022
6,Total. Euros/m2 construït,Gràcia,1,el Camp d'en Grassot i Gràcia Nova,4323.7,32,251,2022
7,Total. Euros/m2 construït,Horta-Guinardó,1,el Baix Guinardó,3829.4,33,252,2022
7,Total. Euros/m2 construït,Horta-Guinardó,1,Can Baró,3310.8,34,253,2022
7,Total. Euros/m2 construït,Horta-Guinardó,1,el Guinardó,3492.7,35,254,2022
7,Total. Euros/m2 construït,Horta-Guinardó,1,la Font d'en Fargues,3568.7,36,255,2022
7,Total. Euros/m2 construït,Horta-Guinardó,1,el Carmel,2559.9,37,256,2022
7,Total. Euros/m2 construït,Horta-Guinardó,1,la Teixonera,3528.2,38,257,2022
7,Total. Euros/m2 construït,Horta-Guinardó,1,Sant Genís dels Agudells,2340.1,39,258,2022
7,Total. Euros/m2 construït,Horta-Guinardó,1,Montbau,2912.2,40,259,2022
7,Total. Euros/m2 construït,Horta-Guinardó,1,la Vall d'Hebron,4475.0,41,260,2022
7,Total. Euros/m2 construït,Horta-Guinardó,1,la Clota,--,42,261,2022
7,Total. Euros/m2 construït,Horta-Guinardó,1,Horta,3499.9,43,262,2022
8,Total. Euros/m2 construït,Nou Barris,1,Vilapicina i la Torre Llobeta,2908.0,44,263,2022
8,Total. Euros/m2 construït,Nou Barris,1,Porta,3459.2,45,264,2022
8,Total. Euros/m2 construït,Nou Barris,1,el Turó de la Peira,2086.6,46,265,2022
8,Total. Euros/m2 construït,Nou Barris,1,Can Peguera,--,47,266,2022
8,Total. Euros/m2 construït,Nou Barris,1,la Guineueta,2913.3,48,267,2022
8,Total. Euros/m2 construït,Nou Barris,1,Canyelles,2709.8,49,268,2022
8,Total. Euros/m2 construït,Nou Barris,1,les Roquetes,2168.7,50,269,2022
8,Total. Euros/m2 construït,Nou Barris,1,Verdun,2529.6,51,270,2022
8,Total. Euros/m2 construït,Nou Barris,1,la Prosperitat,2592.9,52,271,2022
8,Total. Euros/m2 construït,Nou Barris,1,la Trinitat Nova,1686.4,53,272,2022
8,Total. Euros/m2 construït,Nou Barris,1,Torre Baró,--,54,273,2022
8,Total. Euros/m2 construït,Nou Barris,1,Ciutat Meridiana,1550.9,55,274,2022
8,Total. Euros/m2 construït,Nou Barris,1,Vallbona,--,56,275,2022
9,Total. Euros/m2 construït,Sant Andreu,1,la Trinitat Vella,1865.2,57,276,2022
9,Total. Euros/m2 construït,Sant Andreu,1,Baró de Viver,--,58,277,2022
9,Total. Euros/m2 construït,Sant Andreu,1,el Bon Pastor,2346.6,59,278,2022
9,Total. Euros/m2 construït,Sant Andreu,1,Sant Andreu,3279.4,60,279,2022
9,Total. Euros/m2 construït,Sant Andreu,1,la Sagrera,3150.1,61,280,2022
9,Total. Euros/m2 construït,Sant Andreu,1,el Congrés i els Indians,4468.1,62,281,2022
9,Total. Euros/m2 construït,Sant Andreu,1,Navas,3545.5,63,282,2022
10,Total. Euros/m2 construït,Sant Martí,1,el Camp de l'Arpa del Clot,3617.7,64,283,2022
10,Total. Euros/m2 construït,Sant Martí,1,el Clot,5282.1,65,284,2022
10,Total. Euros/m2 construït,Sant Martí,1,el Parc i la Llacuna del Poblenou,5489.0,66,285,2022
10,Total. Euros/m2 construït,Sant Martí,1,la Vila Olímpica del Poblenou,4346.4,67,286,2022
10,Total. Euros/m2 construït,Sant Martí,1,el Poblenou,5229.7,68,287,2022
10,Total. Euros/m2 construït,Sant Martí,1,Diagonal Mar i el Front Marítim del Poblenou,6151.6,69,288,2022
10,Total. Euros/m2 construït,Sant Martí,1,el Besòs i el Maresme,3261.8,70,289,2022
10,Total. Euros/m2 construït,Sant Martí,1,Provençals del Poblenou,3467.6,71,290,2022
10,Total. Euros/m2 construït,Sant Martí,1,Sant Martí de Provençals,2870.6,72,291,2022
10,Total. Euros/m2 construït,Sant Martí,1,la Verneda i la Pau,2211.0,73,292,2022
1,Nou. Euros/m2 construït,Ciutat Vella,1,el Raval,--,1,293,2022
1,Nou. Euros/m2 construït,Ciutat Vella,1,el Barri Gòtic,10354.8,2,294,2022
1,Nou. Euros/m2 construït,Ciutat Vella,1,la Barceloneta,4563.8,3,295,2022
1,Nou. Euros/m2 construït,Ciutat Vella,1,"Sant Pere, Santa Caterina i la Ribera",4318.3,4,296,2022
2,Nou. Euros/m2 construït,Eixample,1,el Fort Pienc,4638.3,5,297,2022
2,Nou. Euros/m2 construït,Eixample,1,la Sagrada Família,--,6,298,2022
2,Nou. Euros/m2 construït,Eixample,1,la Dreta de l'Eixample,8330.3,7,299,2022
2,Nou. Euros/m2 construït,Eixample,1,l'Antiga Esquerra de l'Eixample,5098.3,8,300,2022
2,Nou. Euros/m2 construït,Eixample,1,la Nova Esquerra de l'Eixample,4008.5,9,301,2022
2,Nou. Euros/m2 construït,Eixample,1,Sant Antoni,3478.9,10,302,2022
3,Nou. Euros/m2 construït,Sants-Montjuïc,1,el Poble Sec,--,11,303,2022
3,Nou. Euros/m2 construït,Sants-Montjuïc,1,la Marina del Prat Vermell,--,12,304,2022
3,Nou. Euros/m2 construït,Sants-Montjuïc,1,la Marina de Port,--,13,305,2022
3,Nou. Euros/m2 construït,Sants-Montjuïc,1,la Font de la Guatlla,2374.9,14,306,2022
3,Nou. Euros/m2 construït,Sants-Montjuïc,1,Hostafrancs,4247.4,15,307,2022
3,Nou. Euros/m2 construït,Sants-Montjuïc,1,la Bordeta,--,16,308,2022
3,Nou. Euros/m2 construït,Sants-Montjuïc,1,Sants - Badal,3874.2,17,309,2022
3,Nou. Euros/m2 construït,Sants-Montjuïc,1,Sants,4584.3,18,310,2022
4,Nou. Euros/m2 construït,Les Corts,1,les Corts,6971.3,19,311,2022
4,Nou. Euros/m2 construït,Les Corts,1,la Maternitat i Sant Ramon,--,20,312,2022
4,Nou. Euros/m2 construït,Les Corts,1,Pedralbes,3751.9,21,313,2022
5,Nou. Euros/m2 construït,Sarrià-Sant Gervasi,1,"Vallvidrera, el Tibidabo i les Planes",--,22,314,2022
5,Nou. Euros/m2 construït,Sarrià-Sant Gervasi,1,Sarrià,3899.7,23,315,2022
5,Nou. Euros/m2 construït,Sarrià-Sant Gervasi,1,les Tres Torres,--,24,316,2022
5,Nou. Euros/m2 construït,Sarrià-Sant Gervasi,1,Sant Gervasi - la Bonanova,7037.2,25,317,2022
5,Nou. Euros/m2 construït,Sarrià-Sant Gervasi,1,Sant Gervasi - Galvany,6927.5,26,318,2022
5,Nou. Euros/m2 construït,Sarrià-Sant Gervasi,1,el Putxet i el Farró,9316.4,27,319,2022
6,Nou. Euros/m2 construït,Gràcia,1,Vallcarca i els Penitents,4328.4,28,320,2022
6,Nou. Euros/m2 construït,Gràcia,1,el Coll,2613.2,29,321,2022
6,Nou. Euros/m2 construït,Gràcia,1,la Salut,--,30,322,2022
6,Nou. Euros/m2 construït,Gràcia,1,la Vila de Gràcia,--,31,323,2022
6,Nou. Euros/m2 construït,Gràcia,1,el Camp d'en Grassot i Gràcia Nova,--,32,324,2022
7,Nou. Euros/m2 construït,Horta-Guinardó,1,el Baix Guinardó,--,33,325,2022
7,Nou. Euros/m2 construït,Horta-Guinardó,1,Can Baró,--,34,326,2022
7,Nou. Euros/m2 construït,Horta-Guinardó,1,el Guinardó,4554.3,35,327,2022
7,Nou. Euros/m2 construït,Horta-Guinardó,1,la Font d'en Fargues,4072.6,36,328,2022
7,Nou. Euros/m2 construït,Horta-Guinardó,1,el Carmel,2565.8,37,329,2022
7,Nou. Euros/m2 construït,Horta-Guinardó,1,la Teixonera,3025.3,38,330,2022
7,Nou. Euros/m2 construït,Horta-Guinardó,1,Sant Genís dels Agudells,--,39,331,2022
7,Nou. Euros/m2 construït,Horta-Guinardó,1,Montbau,--,40,332,2022
7,Nou. Euros/m2 construït,Horta-Guinardó,1,la Vall d'Hebron,--,41,333,2022
7,Nou. Euros/m2 construït,Horta-Guinardó,1,la Clota,--,42,334,2022
7,Nou. Euros/m2 construït,Horta-Guinardó,1,Horta,3630.7,43,335,2022
8,Nou. Euros/m2 construït,Nou Barris,1,Vilapicina i la Torre Llobeta,--,44,336,2022
8,Nou. Euros/m2 construït,Nou Barris,1,Porta,--,45,337,2022
8,Nou. Euros/m2 construït,Nou Barris,1,el Turó de la Peira,--,46,338,2022
8,Nou. Euros/m2 construït,Nou Barris,1,Can Peguera,--,47,339,2022
8,Nou. Euros/m2 construït,Nou Barris,1,la Guineueta,--,48,340,2022
8,Nou. Euros/m2 construït,Nou Barris,1,Canyelles,--,49,341,2022
8,Nou. Euros/m2 construït,Nou Barris,1,les Roquetes,--,50,342,2022
8,Nou. Euros/m2 construït,Nou Barris,1,Verdun,--,51,343,2022
8,Nou. Euros/m2 construït,Nou Barris,1,la Prosperitat,--,52,344,2022
8,Nou. Euros/m2 construït,Nou Barris,1,la Trinitat Nova,--,53,345,2022
8,Nou. Euros/m2 construït,Nou Barris,1,Torre Baró,--,54,346,2022
8,Nou. Euros/m2 construït,Nou Barris,1,Ciutat Meridiana,--,55,347,2022
8,Nou. Euros/m2 construït,Nou Barris,1,Vallbona,--,56,348,2022
9,Nou. Euros/m2 construït,Sant Andreu,1,la Trinitat Vella,--,57,349,2022
9,Nou. Euros/m2 construït,Sant Andreu,1,Baró de Viver,--,58,350,2022
9,Nou. Euros/m2 construït,Sant Andreu,1,el Bon Pastor,--,59,351,2022
9,Nou. Euros/m2 construït,Sant Andreu,1,Sant Andreu,3971.7,60,352,2022
9,Nou. Euros/m2 construït,Sant Andreu,1,la Sagrera,--,61,353,2022
9,Nou. Euros/m2 construït,Sant Andreu,1,el Congrés i els Indians,5886.0,62,354,2022
9,Nou. Euros/m2 construït,Sant Andreu,1,Navas,--,63,355,2022
10,Nou. Euros/m2 construït,Sant Martí,1,el Camp de l'Arpa del Clot,--,64,356,2022
10,Nou. Euros/m2 construït,Sant Martí,1,el Clot,--,65,357,2022
10,Nou. Euros/m2 construït,Sant Martí,1,el Parc i la Llacuna del Poblenou,5867.5,66,358,2022
10,Nou. Euros/m2 construït,Sant Martí,1,la Vila Olímpica del Poblenou,5390.9,67,359,2022
10,Nou. Euros/m2 construït,Sant Martí,1,el Poblenou,5655.1,68,360,2022
10,Nou. Euros/m2 construït,Sant Martí,1,Diagonal Mar i el Front Marítim del Poblenou,--,69,361,2022
10,Nou. Euros/m2 construït,Sant Martí,1,el Besòs i el Maresme,4854.4,70,362,2022
10,Nou. Euros/m2 construït,Sant Martí,1,Provençals del Poblenou,2537.0,71,363,2022
10,Nou. Euros/m2 construït,Sant Martí,1,Sant Martí de Provençals,--,72,364,2022
10,Nou. Euros/m2 construït,Sant Martí,1,la Verneda i la Pau,--,73,365,2022
1,Usat. Euros/m2 construït,Ciutat Vella,1,el Raval,3203.0,1,366,2022
1,Usat. Euros/m2 construït,Ciutat Vella,1,el Barri Gòtic,4398.3,2,367,2022
1,Usat. Euros/m2 construït,Ciutat Vella,1,la Barceloneta,4481.4,3,368,2022
1,Usat. Euros/m2 construït,Ciutat Vella,1,"Sant Pere, Santa Caterina i la Ribera",4781.8,4,369,2022
2,Usat. Euros/m2 construït,Eixample,1,el Fort Pienc,4138.4,5,370,2022
2,Usat. Euros/m2 construït,Eixample,1,la Sagrada Família,4000.9,6,371,2022
2,Usat. Euros/m2 construït,Eixample,1,la Dreta de l'Eixample,5617.8,7,372,2022
2,Usat. Euros/m2 construït,Eixample,1,l'Antiga Esquerra de l'Eixample,4909.0,8,373,2022
2,Usat. Euros/m2 construït,Eixample,1,la Nova Esquerra de l'Eixample,4158.4,9,374,2022
2,Usat. Euros/m2 construït,Eixample,1,Sant Antoni,4657.9,10,375,2022
3,Usat. Euros/m2 construït,Sants-Montjuïc,1,el Poble Sec,3793.6,11,376,2022
3,Usat. Euros/m2 construït,Sants-Montjuïc,1,la Marina del Prat Vermell,--,12,377,2022
3,Usat. Euros/m2 construït,Sants-Montjuïc,1,la Marina de Port,3535.6,13,378,2022
3,Usat. Euros/m2 construït,Sants-Montjuïc,1,la Font de la Guatlla,3345.9,14,379,2022
3,Usat. Euros/m2 construït,Sants-Montjuïc,1,Hostafrancs,3565.2,15,380,2022
3,Usat. Euros/m2 construït,Sants-Montjuïc,1,la Bordeta,3214.9,16,381,2022
3,Usat. Euros/m2 construït,Sants-Montjuïc,1,Sants - Badal,3543.9,17,382,2022
3,Usat. Euros/m2 construït,Sants-Montjuïc,1,Sants,3783.3,18,383,2022
4,Usat. Euros/m2 construït,Les Corts,1,les Corts,4696.8,19,384,2022
4,Usat. Euros/m2 construït,Les Corts,1,la Maternitat i Sant Ramon,3952.4,20,385,2022
4,Usat. Euros/m2 construït,Les Corts,1,Pedralbes,6201.7,21,386,2022
5,Usat. Euros/m2 construït,Sarrià-Sant Gervasi,1,"Vallvidrera, el Tibidabo i les Planes",3747.0,22,387,2022
5,Usat. Euros/m2 construït,Sarrià-Sant Gervasi,1,Sarrià,6137.3,23,388,2022
5,Usat. Euros/m2 construït,Sarrià-Sant Gervasi,1,les Tres Torres,5831.2,24,389,2022
5,Usat. Euros/m2 construït,Sarrià-Sant Gervasi,1,Sant Gervasi - la Bonanova,5947.5,25,390,2022
5,Usat. Euros/m2 construït,Sarrià-Sant Gervasi,1,Sant Gervasi - Galvany,5450.5,26,391,2022
5,Usat. Euros/m2 construït,Sarrià-Sant Gervasi,1,el Putxet i el Farró,4733.7,27,392,2022
6,Usat. Euros/m2 construït,Gràcia,1,Vallcarca i els Penitents,4092.8,28,393,2022
6,Usat. Euros/m2 construït,Gràcia,1,el Coll,2779.1,29,394,2022
6,Usat. Euros/m2 construït,Gràcia,1,la Salut,3082.4,30,395,2022
6,Usat. Euros/m2 construït,Gràcia,1,la Vila de Gràcia,4764.9,31,396,2022
6,Usat. Euros/m2 construït,Gràcia,1,el Camp d'en Grassot i Gràcia Nova,4323.7,32,397,2022
7,Usat. Euros/m2 construït,Horta-Guinardó,1,el Baix Guinardó,3829.4,33,398,2022
7,Usat. Euros/m2 construït,Horta-Guinardó,1,Can Baró,3310.8,34,399,2022
7,Usat. Euros/m2 construït,Horta-Guinardó,1,el Guinardó,3382.9,35,400,2022
7,Usat. Euros/m2 construït,Horta-Guinardó,1,la Font d'en Fargues,3190.9,36,401,2022
7,Usat. Euros/m2 construït,Horta-Guinardó,1,el Carmel,2558.9,37,402,2022
7,Usat. Euros/m2 construït,Horta-Guinardó,1,la Teixonera,3779.7,38,403,2022
7,Usat. Euros/m2 construït,Horta-Guinardó,1,Sant Genís dels Agudells,2239.9,39,404,2022
7,Usat. Euros/m2 construït,Horta-Guinardó,1,Montbau,2896.7,40,405,2022
7,Usat. Euros/m2 construït,Horta-Guinardó,1,la Vall d'Hebron,4371.3,41,406,2022
7,Usat. Euros/m2 construït,Horta-Guinardó,1,la Clota,--,42,407,2022
7,Usat. Euros/m2 construït,Horta-Guinardó,1,Horta,3473.0,43,408,2022
8,Usat. Euros/m2 construït,Nou Barris,1,Vilapicina i la Torre Llobeta,2948.0,44,409,2022
8,Usat. Euros/m2 construït,Nou Barris,1,Porta,3459.2,45,410,2022
8,Usat. Euros/m2 construït,Nou Barris,1,el Turó de la Peira,2086.6,46,411,2022
8,Usat. Euros/m2 construït,Nou Barris,1,Can Peguera,--,47,412,2022
8,Usat. Euros/m2 construït,Nou Barris,1,la Guineueta,2913.3,48,413,2022
8,Usat. Euros/m2 construït,Nou Barris,1,Canyelles,2709.8,49,414,2022
8,Usat. Euros/m2 construït,Nou Barris,1,les Roquetes,2168.7,50,415,2022
8,Usat. Euros/m2 construït,Nou Barris,1,Verdun,2529.6,51,416,2022
8,Usat. Euros/m2 construït,Nou Barris,1,la Prosperitat,2592.9,52,417,2022
8,Usat. Euros/m2 construït,Nou Barris,1,la Trinitat Nova,1686.4,53,418,2022
8,Usat. Euros/m2 construït,Nou Barris,1,Torre Baró,--,54,419,2022
8,Usat. Euros/m2 construït,Nou Barris,1,Ciutat Meridiana,1550.9,55,420,2022
8,Usat. Euros/m2 construït,Nou Barris,1,Vallbona,--,56,421,2022
9,Usat. Euros/m2 construït,Sant Andreu,1,la Trinitat Vella,1865.2,57,422,2022
9,Usat. Euros/m2 construït,Sant Andreu,1,Baró de Viver,--,58,423,2022
9,Usat. Euros/m2 construït,Sant Andreu,1,el Bon Pastor,2346.6,59,424,2022
9,Usat. Euros/m2 construït,Sant Andreu,1,Sant Andreu,3149.6,60,425,2022
9,Usat. Euros/m2 construït,Sant Andreu,1,la Sagrera,3150.1,61,426,2022
9,Usat. Euros/m2 construït,Sant Andreu,1,el Congrés i els Indians,4063.0,62,427,2022
9,Usat. Euros/m2 construït,Sant Andreu,1,Navas,3545.5,63,428,2022
10,Usat. Euros/m2 construït,Sant Martí,1,el Camp de l'Arpa del Clot,3617.7,64,429,2022
10,Usat. Euros/m2 construït,Sant Martí,1,el Clot,5251.4,65,430,2022
10,Usat. Euros/m2 construït,Sant Martí,1,el Parc i la Llacuna del Poblenou,4214.0,66,431,2022
10,Usat. Euros/m2 construït,Sant Martí,1,la Vila Olímpica del Poblenou,4281.1,67,432,2022
10,Usat. Euros/m2 construït,Sant Martí,1,el Poblenou,4856.4,68,433,2022
10,Usat. Euros/m2 construït,Sant Martí,1,Diagonal Mar i el Front Marítim del Poblenou,6151.6,69,434,2022
10,Usat. Euros/m2 construït,Sant Martí,1,el Besòs i el Maresme,2593.9,70,435,2022
10,Usat. Euros/m2 construït,Sant Martí,1,Provençals del Poblenou,3806.1,71,436,2022
10,Usat. Euros/m2 construït,Sant Martí,1,Sant Martí de Provençals,2870.6,72,437,2022
10,Usat. Euros/m2 construït,Sant Martí,1,la Verneda i la Pau,2211.0,73,438,2022
1,Total. Milers d'euros,Ciutat Vella,2,el Raval,259.6,1,439,2022
1,Total. Milers d'euros,Ciutat Vella,2,el Barri Gòtic,396.4,2,440,2022
1,Total. Milers d'euros,Ciutat Vella,2,la Barceloneta,206.4,3,441,2022
1,Total. Milers d'euros,Ciutat Vella,2,"Sant Pere, Santa Caterina i la Ribera",303.6,4,442,2022
2,Total. Milers d'euros,Eixample,2,el Fort Pienc,367.6,5,443,2022
2,Total. Milers d'euros,Eixample,2,la Sagrada Família,294.7,6,444,2022
2,Total. Milers d'euros,Eixample,2,la Dreta de l'Eixample,584.6,7,445,2022
2,Total. Milers d'euros,Eixample,2,l'Antiga Esquerra de l'Eixample,479.2,8,446,2022
2,Total. Milers d'euros,Eixample,2,la Nova Esquerra de l'Eixample,390.7,9,447,2022
2,Total. Milers d'euros,Eixample,2,Sant Antoni,355.4,10,448,2022
3,Total. Milers d'euros,Sants-Montjuïc,2,el Poble Sec,262.1,11,449,2022
3,Total. Milers d'euros,Sants-Montjuïc,2,la Marina del Prat Vermell,105.1,12,450,2022
3,Total. Milers d'euros,Sants-Montjuïc,2,la Marina de Port,232.8,13,451,2022
3,Total. Milers d'euros,Sants-Montjuïc,2,la Font de la Guatlla,329.3,14,452,2022
3,Total. Milers d'euros,Sants-Montjuïc,2,Hostafrancs,291.4,15,453,2022
3,Total. Milers d'euros,Sants-Montjuïc,2,la Bordeta,246.4,16,454,2022
3,Total. Milers d'euros,Sants-Montjuïc,2,Sants - Badal,300.9,17,455,2022
3,Total. Milers d'euros,Sants-Montjuïc,2,Sants,306.0,18,456,2022
4,Total. Milers d'euros,Les Corts,2,les Corts,400.5,19,457,2022
4,Total. Milers d'euros,Les Corts,2,la Maternitat i Sant Ramon,383.8,20,458,2022
4,Total. Milers d'euros,Les Corts,2,Pedralbes,717.2,21,459,2022
5,Total. Milers d'euros,Sarrià-Sant Gervasi,2,"Vallvidrera, el Tibidabo i les Planes",620.3,22,460,2022
5,Total. Milers d'euros,Sarrià-Sant Gervasi,2,Sarrià,812.4,23,461,2022
5,Total. Milers d'euros,Sarrià-Sant Gervasi,2,les Tres Torres,852.2,24,462,2022
5,Total. Milers d'euros,Sarrià-Sant Gervasi,2,Sant Gervasi - la Bonanova,1140.5,25,463,2022
5,Total. Milers d'euros,Sarrià-Sant Gervasi,2,Sant Gervasi - Galvany,922.6,26,464,2022
5,Total. Milers d'euros,Sarrià-Sant Gervasi,2,el Putxet i el Farró,472.1,27,465,2022
6,Total. Milers d'euros,Gràcia,2,Vallcarca i els Penitents,384.0,28,466,2022
6,Total. Milers d'euros,Gràcia,2,el Coll,196.7,29,467,2022
6,Total. Milers d'euros,Gràcia,2,la Salut,337.0,30,468,2022
6,Total. Milers d'euros,Gràcia,2,la Vila de Gràcia,331.7,31,469,2022
6,Total. Milers d'euros,Gràcia,2,el Camp d'en Grassot i Gràcia Nova,309.9,32,470,2022
7,Total. Milers d'euros,Horta-Guinardó,2,el Baix Guinardó,255.8,33,471,2022
7,Total. Milers d'euros,Horta-Guinardó,2,Can Baró,225.9,34,472,2022
7,Total. Milers d'euros,Horta-Guinardó,2,el Guinardó,241.5,35,473,2022
7,Total. Milers d'euros,Horta-Guinardó,2,la Font d'en Fargues,366.3,36,474,2022
7,Total. Milers d'euros,Horta-Guinardó,2,el Carmel,181.7,37,475,2022
7,Total. Milers d'euros,Horta-Guinardó,2,la Teixonera,176.8,38,476,2022
7,Total. Milers d'euros,Horta-Guinardó,2,Sant Genís dels Agudells,124.0,39,477,2022
7,Total. Milers d'euros,Horta-Guinardó,2,Montbau,210.8,40,478,2022
7,Total. Milers d'euros,Horta-Guinardó,2,la Vall d'Hebron,385.1,41,479,2022
7,Total. Milers d'euros,Horta-Guinardó,2,la Clota,--,42,480,2022
7,Total. Milers d'euros,Horta-Guinardó,2,Horta,195.2,43,481,2022
8,Total. Milers d'euros,Nou Barris,2,Vilapicina i la Torre Llobeta,206.7,44,482,2022
8,Total. Milers d'euros,Nou Barris,2,Porta,164.0,45,483,2022
8,Total. Milers d'euros,Nou Barris,2,el Turó de la Peira,151.5,46,484,2022
8,Total. Milers d'euros,Nou Barris,2,Can Peguera,142.0,47,485,2022
8,Total. Milers d'euros,Nou Barris,2,la Guineueta,236.8,48,486,2022
8,Total. Milers d'euros,Nou Barris,2,Canyelles,210.2,49,487,2022
8,Total. Milers d'euros,Nou Barris,2,les Roquetes,102.2,50,488,2022
8,Total. Milers d'euros,Nou Barris,2,Verdun,157.6,51,489,2022
8,Total. Milers d'euros,Nou Barris,2,la Prosperitat,120.1,52,490,2022
8,Total. Milers d'euros,Nou Barris,2,la Trinitat Nova,109.1,53,491,2022
8,Total. Milers d'euros,Nou Barris,2,Torre Baró,--,54,492,2022
8,Total. Milers d'euros,Nou Barris,2,Ciutat Meridiana,109.4,55,493,2022
8,Total. Milers d'euros,Nou Barris,2,Vallbona,--,56,494,2022
9,Total. Milers d'euros,Sant Andreu,2,la Trinitat Vella,37.5,57,495,2022
9,Total. Milers d'euros,Sant Andreu,2,Baró de Viver,--,58,496,2022
9,Total. Milers d'euros,Sant Andreu,2,el Bon Pastor,154.8,59,497,2022
9,Total. Milers d'euros,Sant Andreu,2,Sant Andreu,269.3,60,498,2022
9,Total. Milers d'euros,Sant Andreu,2,la Sagrera,222.9,61,499,2022
9,Total. Milers d'euros,Sant Andreu,2,el Congrés i els Indians,304.0,62,500,2022
9,Total. Milers d'euros,Sant Andreu,2,Navas,284.2,63,501,2022
10,Total. Milers d'euros,Sant Martí,2,el Camp de l'Arpa del Clot,265.3,64,502,2022
10,Total. Milers d'euros,Sant Martí,2,el Clot,405.7,65,503,2022
10,Total. Milers d'euros,Sant Martí,2,el Parc i la Llacuna del Poblenou,496.5,66,504,2022
10,Total. Milers d'euros,Sant Martí,2,la Vila Olímpica del Poblenou,638.4,67,505,2022
10,Total. Milers d'euros,Sant Martí,2,el Poblenou,324.3,68,506,2022
10,Total. Milers d'euros,Sant Martí,2,Diagonal Mar i el Front Marítim del Poblenou,596.0,69,507,2022
10,Total. Milers d'euros,Sant Martí,2,el Besòs i el Maresme,217.4,70,508,2022
10,Total. Milers d'euros,Sant Martí,2,Provençals del Poblenou,282.0,71,509,2022
10,Total. Milers d'euros,Sant Martí,2,Sant Martí de Provençals,191.5,72,510,2022
10,Total. Milers d'euros,Sant Martí,2,la Verneda i la Pau,168.0,73,511,2022
1,Nou. Milers d'euros,Ciutat Vella,2,el Raval,395.5,1,512,2022
1,Nou. Milers d'euros,Ciutat Vella,2,el Barri Gòtic,326.4,2,513,2022
1,Nou. Milers d'euros,Ciutat Vella,2,la Barceloneta,--,3,514,2022
1,Nou. Milers d'euros,Ciutat Vella,2,"Sant Pere, Santa Caterina i la Ribera",219.2,4,515,2022
2,Nou. Milers d'euros,Eixample,2,el Fort Pienc,--,5,516,2022
2,Nou. Milers d'euros,Eixample,2,la Sagrada Família,--,6,517,2022
2,Nou. Milers d'euros,Eixample,2,la Dreta de l'Eixample,741.0,7,518,2022
2,Nou. Milers d'euros,Eixample,2,l'Antiga Esquerra de l'Eixample,746.1,8,519,2022
2,Nou. Milers d'euros,Eixample,2,la Nova Esquerra de l'Eixample,360.8,9,520,2022
2,Nou. Milers d'euros,Eixample,2,Sant Antoni,286.3,10,521,2022
3,Nou. Milers d'euros,Sants-Montjuïc,2,el Poble Sec,--,11,522,2022
3,Nou. Milers d'euros,Sants-Montjuïc,2,la Marina del Prat Vermell,--,12,523,2022
3,Nou. Milers d'euros,Sants-Montjuïc,2,la Marina de Port,--,13,524,2022
9,Total. Euros/m2 construït,Sant Andreu,2,Sant Andreu,3450.4,60,717,2022
3,Nou. Milers d'euros,Sants-Montjuïc,2,la Font de la Guatlla,446.2,14,525,2022
3,Nou. Milers d'euros,Sants-Montjuïc,2,Hostafrancs,316.6,15,526,2022
3,Nou. Milers d'euros,Sants-Montjuïc,2,la Bordeta,--,16,527,2022
3,Nou. Milers d'euros,Sants-Montjuïc,2,Sants - Badal,338.4,17,528,2022
3,Nou. Milers d'euros,Sants-Montjuïc,2,Sants,--,18,529,2022
4,Nou. Milers d'euros,Les Corts,2,les Corts,--,19,530,2022
4,Nou. Milers d'euros,Les Corts,2,la Maternitat i Sant Ramon,--,20,531,2022
4,Nou. Milers d'euros,Les Corts,2,Pedralbes,409.3,21,532,2022
5,Nou. Milers d'euros,Sarrià-Sant Gervasi,2,"Vallvidrera, el Tibidabo i les Planes",--,22,533,2022
5,Nou. Milers d'euros,Sarrià-Sant Gervasi,2,Sarrià,3130.0,23,534,2022
5,Nou. Milers d'euros,Sarrià-Sant Gervasi,2,les Tres Torres,--,24,535,2022
5,Nou. Milers d'euros,Sarrià-Sant Gervasi,2,Sant Gervasi - la Bonanova,1263.0,25,536,2022
5,Nou. Milers d'euros,Sarrià-Sant Gervasi,2,Sant Gervasi - Galvany,817.0,26,537,2022
5,Nou. Milers d'euros,Sarrià-Sant Gervasi,2,el Putxet i el Farró,580.7,27,538,2022
6,Nou. Milers d'euros,Gràcia,2,Vallcarca i els Penitents,378.0,28,539,2022
6,Nou. Milers d'euros,Gràcia,2,el Coll,233.0,29,540,2022
6,Nou. Milers d'euros,Gràcia,2,la Salut,293.3,30,541,2022
6,Nou. Milers d'euros,Gràcia,2,la Vila de Gràcia,418.8,31,542,2022
6,Nou. Milers d'euros,Gràcia,2,el Camp d'en Grassot i Gràcia Nova,--,32,543,2022
7,Nou. Milers d'euros,Horta-Guinardó,2,el Baix Guinardó,209.4,33,544,2022
7,Nou. Milers d'euros,Horta-Guinardó,2,Can Baró,--,34,545,2022
7,Nou. Milers d'euros,Horta-Guinardó,2,el Guinardó,--,35,546,2022
7,Nou. Milers d'euros,Horta-Guinardó,2,la Font d'en Fargues,483.0,36,547,2022
7,Nou. Milers d'euros,Horta-Guinardó,2,el Carmel,189.9,37,548,2022
7,Nou. Milers d'euros,Horta-Guinardó,2,la Teixonera,203.9,38,549,2022
7,Nou. Milers d'euros,Horta-Guinardó,2,Sant Genís dels Agudells,140.0,39,550,2022
7,Nou. Milers d'euros,Horta-Guinardó,2,Montbau,--,40,551,2022
7,Nou. Milers d'euros,Horta-Guinardó,2,la Vall d'Hebron,--,41,552,2022
7,Nou. Milers d'euros,Horta-Guinardó,2,la Clota,--,42,553,2022
7,Nou. Milers d'euros,Horta-Guinardó,2,Horta,189.1,43,554,2022
8,Nou. Milers d'euros,Nou Barris,2,Vilapicina i la Torre Llobeta,286.3,44,555,2022
8,Nou. Milers d'euros,Nou Barris,2,Porta,152.7,45,556,2022
8,Nou. Milers d'euros,Nou Barris,2,el Turó de la Peira,--,46,557,2022
8,Nou. Milers d'euros,Nou Barris,2,Can Peguera,--,47,558,2022
8,Nou. Milers d'euros,Nou Barris,2,la Guineueta,--,48,559,2022
8,Nou. Milers d'euros,Nou Barris,2,Canyelles,--,49,560,2022
8,Nou. Milers d'euros,Nou Barris,2,les Roquetes,--,50,561,2022
8,Nou. Milers d'euros,Nou Barris,2,Verdun,--,51,562,2022
8,Nou. Milers d'euros,Nou Barris,2,la Prosperitat,--,52,563,2022
8,Nou. Milers d'euros,Nou Barris,2,la Trinitat Nova,--,53,564,2022
8,Nou. Milers d'euros,Nou Barris,2,Torre Baró,--,54,565,2022
8,Nou. Milers d'euros,Nou Barris,2,Ciutat Meridiana,--,55,566,2022
8,Nou. Milers d'euros,Nou Barris,2,Vallbona,--,56,567,2022
9,Nou. Milers d'euros,Sant Andreu,2,la Trinitat Vella,--,57,568,2022
9,Nou. Milers d'euros,Sant Andreu,2,Baró de Viver,--,58,569,2022
9,Nou. Milers d'euros,Sant Andreu,2,el Bon Pastor,--,59,570,2022
9,Nou. Milers d'euros,Sant Andreu,2,Sant Andreu,--,60,571,2022
9,Nou. Milers d'euros,Sant Andreu,2,la Sagrera,--,61,572,2022
9,Nou. Milers d'euros,Sant Andreu,2,el Congrés i els Indians,--,62,573,2022
9,Nou. Milers d'euros,Sant Andreu,2,Navas,--,63,574,2022
10,Nou. Milers d'euros,Sant Martí,2,el Camp de l'Arpa del Clot,--,64,575,2022
10,Nou. Milers d'euros,Sant Martí,2,el Clot,633.3,65,576,2022
10,Nou. Milers d'euros,Sant Martí,2,el Parc i la Llacuna del Poblenou,579.5,66,577,2022
10,Nou. Milers d'euros,Sant Martí,2,la Vila Olímpica del Poblenou,--,67,578,2022
10,Nou. Milers d'euros,Sant Martí,2,el Poblenou,410.6,68,579,2022
10,Nou. Milers d'euros,Sant Martí,2,Diagonal Mar i el Front Marítim del Poblenou,237.3,69,580,2022
10,Nou. Milers d'euros,Sant Martí,2,el Besòs i el Maresme,373.0,70,581,2022
10,Nou. Milers d'euros,Sant Martí,2,Provençals del Poblenou,300.9,71,582,2022
10,Nou. Milers d'euros,Sant Martí,2,Sant Martí de Provençals,--,72,583,2022
10,Nou. Milers d'euros,Sant Martí,2,la Verneda i la Pau,--,73,584,2022
1,Usat. Milers d'euros,Ciutat Vella,2,el Raval,254.9,1,585,2022
1,Usat. Milers d'euros,Ciutat Vella,2,el Barri Gòtic,404.1,2,586,2022
1,Usat. Milers d'euros,Ciutat Vella,2,la Barceloneta,206.4,3,587,2022
1,Usat. Milers d'euros,Ciutat Vella,2,"Sant Pere, Santa Caterina i la Ribera",307.7,4,588,2022
2,Usat. Milers d'euros,Eixample,2,el Fort Pienc,370.6,5,589,2022
2,Usat. Milers d'euros,Eixample,2,la Sagrada Família,294.7,6,590,2022
2,Usat. Milers d'euros,Eixample,2,la Dreta de l'Eixample,568.5,7,591,2022
2,Usat. Milers d'euros,Eixample,2,l'Antiga Esquerra de l'Eixample,461.7,8,592,2022
2,Usat. Milers d'euros,Eixample,2,la Nova Esquerra de l'Eixample,399.2,9,593,2022
2,Usat. Milers d'euros,Eixample,2,Sant Antoni,362.7,10,594,2022
3,Usat. Milers d'euros,Sants-Montjuïc,2,el Poble Sec,253.0,11,595,2022
3,Usat. Milers d'euros,Sants-Montjuïc,2,la Marina del Prat Vermell,105.1,12,596,2022
3,Usat. Milers d'euros,Sants-Montjuïc,2,la Marina de Port,240.5,13,597,2022
3,Usat. Milers d'euros,Sants-Montjuïc,2,la Font de la Guatlla,277.3,14,598,2022
3,Usat. Milers d'euros,Sants-Montjuïc,2,Hostafrancs,284.4,15,599,2022
3,Usat. Milers d'euros,Sants-Montjuïc,2,la Bordeta,208.3,16,600,2022
3,Usat. Milers d'euros,Sants-Montjuïc,2,Sants - Badal,260.3,17,601,2022
3,Usat. Milers d'euros,Sants-Montjuïc,2,Sants,298.6,18,602,2022
4,Usat. Milers d'euros,Les Corts,2,les Corts,399.7,19,603,2022
4,Usat. Milers d'euros,Les Corts,2,la Maternitat i Sant Ramon,383.8,20,604,2022
4,Usat. Milers d'euros,Les Corts,2,Pedralbes,797.0,21,605,2022
5,Usat. Milers d'euros,Sarrià-Sant Gervasi,2,"Vallvidrera, el Tibidabo i les Planes",620.3,22,606,2022
5,Usat. Milers d'euros,Sarrià-Sant Gervasi,2,Sarrià,554.9,23,607,2022
5,Usat. Milers d'euros,Sarrià-Sant Gervasi,2,les Tres Torres,813.8,24,608,2022
5,Usat. Milers d'euros,Sarrià-Sant Gervasi,2,Sant Gervasi - la Bonanova,1105.0,25,609,2022
5,Usat. Milers d'euros,Sarrià-Sant Gervasi,2,Sant Gervasi - Galvany,941.5,26,610,2022
5,Usat. Milers d'euros,Sarrià-Sant Gervasi,2,el Putxet i el Farró,463.7,27,611,2022
6,Usat. Milers d'euros,Gràcia,2,Vallcarca i els Penitents,385.4,28,612,2022
6,Usat. Milers d'euros,Gràcia,2,el Coll,181.1,29,613,2022
6,Usat. Milers d'euros,Gràcia,2,la Salut,341.7,30,614,2022
6,Usat. Milers d'euros,Gràcia,2,la Vila de Gràcia,328.5,31,615,2022
6,Usat. Milers d'euros,Gràcia,2,el Camp d'en Grassot i Gràcia Nova,309.9,32,616,2022
7,Usat. Milers d'euros,Horta-Guinardó,2,el Baix Guinardó,264.9,33,617,2022
7,Usat. Milers d'euros,Horta-Guinardó,2,Can Baró,219.2,34,618,2022
7,Usat. Milers d'euros,Horta-Guinardó,2,el Guinardó,242.6,35,619,2022
7,Usat. Milers d'euros,Horta-Guinardó,2,la Font d'en Fargues,262.5,36,620,2022
7,Usat. Milers d'euros,Horta-Guinardó,2,el Carmel,178.6,37,621,2022
7,Usat. Milers d'euros,Horta-Guinardó,2,la Teixonera,160.6,38,622,2022
7,Usat. Milers d'euros,Horta-Guinardó,2,Sant Genís dels Agudells,120.4,39,623,2022
7,Usat. Milers d'euros,Horta-Guinardó,2,Montbau,210.8,40,624,2022
7,Usat. Milers d'euros,Horta-Guinardó,2,la Vall d'Hebron,385.1,41,625,2022
7,Usat. Milers d'euros,Horta-Guinardó,2,la Clota,--,42,626,2022
7,Usat. Milers d'euros,Horta-Guinardó,2,Horta,196.8,43,627,2022
8,Usat. Milers d'euros,Nou Barris,2,Vilapicina i la Torre Llobeta,197.4,44,628,2022
8,Usat. Milers d'euros,Nou Barris,2,Porta,167.4,45,629,2022
8,Usat. Milers d'euros,Nou Barris,2,el Turó de la Peira,151.5,46,630,2022
8,Usat. Milers d'euros,Nou Barris,2,Can Peguera,142.0,47,631,2022
8,Usat. Milers d'euros,Nou Barris,2,la Guineueta,236.8,48,632,2022
8,Usat. Milers d'euros,Nou Barris,2,Canyelles,210.2,49,633,2022
8,Usat. Milers d'euros,Nou Barris,2,les Roquetes,102.2,50,634,2022
8,Usat. Milers d'euros,Nou Barris,2,Verdun,155.6,51,635,2022
8,Usat. Milers d'euros,Nou Barris,2,la Prosperitat,120.1,52,636,2022
8,Usat. Milers d'euros,Nou Barris,2,la Trinitat Nova,109.1,53,637,2022
8,Usat. Milers d'euros,Nou Barris,2,Torre Baró,--,54,638,2022
8,Usat. Milers d'euros,Nou Barris,2,Ciutat Meridiana,109.4,55,639,2022
8,Usat. Milers d'euros,Nou Barris,2,Vallbona,--,56,640,2022
9,Usat. Milers d'euros,Sant Andreu,2,la Trinitat Vella,37.5,57,641,2022
9,Usat. Milers d'euros,Sant Andreu,2,Baró de Viver,--,58,642,2022
9,Usat. Milers d'euros,Sant Andreu,2,el Bon Pastor,154.8,59,643,2022
9,Usat. Milers d'euros,Sant Andreu,2,Sant Andreu,285.9,60,644,2022
9,Usat. Milers d'euros,Sant Andreu,2,la Sagrera,222.9,61,645,2022
9,Usat. Milers d'euros,Sant Andreu,2,el Congrés i els Indians,304.0,62,646,2022
9,Usat. Milers d'euros,Sant Andreu,2,Navas,284.2,63,647,2022
10,Usat. Milers d'euros,Sant Martí,2,el Camp de l'Arpa del Clot,265.3,64,648,2022
10,Usat. Milers d'euros,Sant Martí,2,el Clot,373.2,65,649,2022
10,Usat. Milers d'euros,Sant Martí,2,el Parc i la Llacuna del Poblenou,327.0,66,650,2022
10,Usat. Milers d'euros,Sant Martí,2,la Vila Olímpica del Poblenou,652.3,67,651,2022
10,Usat. Milers d'euros,Sant Martí,2,el Poblenou,304.5,68,652,2022
10,Usat. Milers d'euros,Sant Martí,2,Diagonal Mar i el Front Marítim del Poblenou,653.8,69,653,2022
10,Usat. Milers d'euros,Sant Martí,2,el Besòs i el Maresme,202.1,70,654,2022
10,Usat. Milers d'euros,Sant Martí,2,Provençals del Poblenou,270.2,71,655,2022
10,Usat. Milers d'euros,Sant Martí,2,Sant Martí de Provençals,191.5,72,656,2022
10,Usat. Milers d'euros,Sant Martí,2,la Verneda i la Pau,169.9,73,657,2022
1,Total. Euros/m2 construït,Ciutat Vella,2,el Raval,3711.0,1,658,2022
1,Total. Euros/m2 construït,Ciutat Vella,2,el Barri Gòtic,4858.4,2,659,2022
1,Total. Euros/m2 construït,Ciutat Vella,2,la Barceloneta,4704.7,3,660,2022
1,Total. Euros/m2 construït,Ciutat Vella,2,"Sant Pere, Santa Caterina i la Ribera",4335.7,4,661,2022
2,Total. Euros/m2 construït,Eixample,2,el Fort Pienc,4172.9,5,662,2022
2,Total. Euros/m2 construït,Eixample,2,la Sagrada Família,3887.0,6,663,2022
2,Total. Euros/m2 construït,Eixample,2,la Dreta de l'Eixample,5956.4,7,664,2022
2,Total. Euros/m2 construït,Eixample,2,l'Antiga Esquerra de l'Eixample,5263.5,8,665,2022
2,Total. Euros/m2 construït,Eixample,2,la Nova Esquerra de l'Eixample,4682.6,9,666,2022
2,Total. Euros/m2 construït,Eixample,2,Sant Antoni,4400.1,10,667,2022
3,Total. Euros/m2 construït,Sants-Montjuïc,2,el Poble Sec,3731.0,11,668,2022
3,Total. Euros/m2 construït,Sants-Montjuïc,2,la Marina del Prat Vermell,1336.0,12,669,2022
3,Total. Euros/m2 construït,Sants-Montjuïc,2,la Marina de Port,3362.3,13,670,2022
3,Total. Euros/m2 construït,Sants-Montjuïc,2,la Font de la Guatlla,4125.1,14,671,2022
3,Total. Euros/m2 construït,Sants-Montjuïc,2,Hostafrancs,4489.7,15,672,2022
3,Total. Euros/m2 construït,Sants-Montjuïc,2,la Bordeta,2970.0,16,673,2022
3,Total. Euros/m2 construït,Sants-Montjuïc,2,Sants - Badal,3966.2,17,674,2022
3,Total. Euros/m2 construït,Sants-Montjuïc,2,Sants,4167.7,18,675,2022
4,Total. Euros/m2 construït,Les Corts,2,les Corts,4547.2,19,676,2022
4,Total. Euros/m2 construït,Les Corts,2,la Maternitat i Sant Ramon,4147.2,20,677,2022
4,Total. Euros/m2 construït,Les Corts,2,Pedralbes,5119.4,21,678,2022
5,Total. Euros/m2 construït,Sarrià-Sant Gervasi,2,"Vallvidrera, el Tibidabo i les Planes",5078.1,22,679,2022
5,Total. Euros/m2 construït,Sarrià-Sant Gervasi,2,Sarrià,5693.6,23,680,2022
5,Total. Euros/m2 construït,Sarrià-Sant Gervasi,2,les Tres Torres,5708.6,24,681,2022
5,Total. Euros/m2 construït,Sarrià-Sant Gervasi,2,Sant Gervasi - la Bonanova,8086.3,25,682,2022
5,Total. Euros/m2 construït,Sarrià-Sant Gervasi,2,Sant Gervasi - Galvany,6544.1,26,683,2022
5,Total. Euros/m2 construït,Sarrià-Sant Gervasi,2,el Putxet i el Farró,4970.8,27,684,2022
6,Total. Euros/m2 construït,Gràcia,2,Vallcarca i els Penitents,4320.3,28,685,2022
6,Total. Euros/m2 construït,Gràcia,2,el Coll,3013.6,29,686,2022
6,Total. Euros/m2 construït,Gràcia,2,la Salut,4258.9,30,687,2022
6,Total. Euros/m2 construït,Gràcia,2,la Vila de Gràcia,4598.3,31,688,2022
6,Total. Euros/m2 construït,Gràcia,2,el Camp d'en Grassot i Gràcia Nova,4413.4,32,689,2022
7,Total. Euros/m2 construït,Horta-Guinardó,2,el Baix Guinardó,3730.5,33,690,2022
7,Total. Euros/m2 construït,Horta-Guinardó,2,Can Baró,3315.5,34,691,2022
7,Total. Euros/m2 construït,Horta-Guinardó,2,el Guinardó,3318.1,35,692,2022
7,Total. Euros/m2 construït,Horta-Guinardó,2,la Font d'en Fargues,4363.3,36,693,2022
7,Total. Euros/m2 construït,Horta-Guinardó,2,el Carmel,3006.9,37,694,2022
7,Total. Euros/m2 construït,Horta-Guinardó,2,la Teixonera,2618.9,38,695,2022
7,Total. Euros/m2 construït,Horta-Guinardó,2,Sant Genís dels Agudells,1990.3,39,696,2022
7,Total. Euros/m2 construït,Horta-Guinardó,2,Montbau,3261.0,40,697,2022
7,Total. Euros/m2 construït,Horta-Guinardó,2,la Vall d'Hebron,4706.0,41,698,2022
7,Total. Euros/m2 construït,Horta-Guinardó,2,la Clota,--,42,699,2022
7,Total. Euros/m2 construït,Horta-Guinardó,2,Horta,3174.5,43,700,2022
8,Total. Euros/m2 construït,Nou Barris,2,Vilapicina i la Torre Llobeta,2855.9,44,701,2022
8,Total. Euros/m2 construït,Nou Barris,2,Porta,2673.4,45,702,2022
8,Total. Euros/m2 construït,Nou Barris,2,el Turó de la Peira,2364.9,46,703,2022
8,Total. Euros/m2 construït,Nou Barris,2,Can Peguera,2448.3,47,704,2022
8,Total. Euros/m2 construït,Nou Barris,2,la Guineueta,2996.8,48,705,2022
8,Total. Euros/m2 construït,Nou Barris,2,Canyelles,2715.4,49,706,2022
8,Total. Euros/m2 construït,Nou Barris,2,les Roquetes,1871.6,50,707,2022
8,Total. Euros/m2 construït,Nou Barris,2,Verdun,2305.9,51,708,2022
8,Total. Euros/m2 construït,Nou Barris,2,la Prosperitat,2144.4,52,709,2022
8,Total. Euros/m2 construït,Nou Barris,2,la Trinitat Nova,1954.6,53,710,2022
8,Total. Euros/m2 construït,Nou Barris,2,Torre Baró,--,54,711,2022
8,Total. Euros/m2 construït,Nou Barris,2,Ciutat Meridiana,1781.3,55,712,2022
8,Total. Euros/m2 construït,Nou Barris,2,Vallbona,--,56,713,2022
9,Total. Euros/m2 construït,Sant Andreu,2,la Trinitat Vella,852.3,57,714,2022
9,Total. Euros/m2 construït,Sant Andreu,2,Baró de Viver,--,58,715,2022
9,Total. Euros/m2 construït,Sant Andreu,2,el Bon Pastor,2221.4,59,716,2022
9,Total. Euros/m2 construït,Sant Andreu,2,la Sagrera,3234.7,61,718,2022
9,Total. Euros/m2 construït,Sant Andreu,2,el Congrés i els Indians,4335.4,62,719,2022
9,Total. Euros/m2 construït,Sant Andreu,2,Navas,3676.6,63,720,2022
10,Total. Euros/m2 construït,Sant Martí,2,el Camp de l'Arpa del Clot,3752.8,64,721,2022
10,Total. Euros/m2 construït,Sant Martí,2,el Clot,3956.2,65,722,2022
10,Total. Euros/m2 construït,Sant Martí,2,el Parc i la Llacuna del Poblenou,5128.6,66,723,2022
10,Total. Euros/m2 construït,Sant Martí,2,la Vila Olímpica del Poblenou,5848.6,67,724,2022
10,Total. Euros/m2 construït,Sant Martí,2,el Poblenou,4675.7,68,725,2022
10,Total. Euros/m2 construït,Sant Martí,2,Diagonal Mar i el Front Marítim del Poblenou,6173.7,69,726,2022
10,Total. Euros/m2 construït,Sant Martí,2,el Besòs i el Maresme,2674.0,70,727,2022
10,Total. Euros/m2 construït,Sant Martí,2,Provençals del Poblenou,3739.6,71,728,2022
10,Total. Euros/m2 construït,Sant Martí,2,Sant Martí de Provençals,2879.9,72,729,2022
10,Total. Euros/m2 construït,Sant Martí,2,la Verneda i la Pau,2313.1,73,730,2022
1,Nou. Euros/m2 construït,Ciutat Vella,2,el Raval,5960.2,1,731,2022
1,Nou. Euros/m2 construït,Ciutat Vella,2,el Barri Gòtic,4297.5,2,732,2022
1,Nou. Euros/m2 construït,Ciutat Vella,2,la Barceloneta,--,3,733,2022
1,Nou. Euros/m2 construït,Ciutat Vella,2,"Sant Pere, Santa Caterina i la Ribera",3604.1,4,734,2022
2,Nou. Euros/m2 construït,Eixample,2,el Fort Pienc,--,5,735,2022
2,Nou. Euros/m2 construït,Eixample,2,la Sagrada Família,--,6,736,2022
2,Nou. Euros/m2 construït,Eixample,2,la Dreta de l'Eixample,8880.9,7,737,2022
2,Nou. Euros/m2 construït,Eixample,2,l'Antiga Esquerra de l'Eixample,7305.5,8,738,2022
2,Nou. Euros/m2 construït,Eixample,2,la Nova Esquerra de l'Eixample,4851.8,9,739,2022
2,Nou. Euros/m2 construït,Eixample,2,Sant Antoni,3943.3,10,740,2022
3,Nou. Euros/m2 construït,Sants-Montjuïc,2,el Poble Sec,--,11,741,2022
3,Nou. Euros/m2 construït,Sants-Montjuïc,2,la Marina del Prat Vermell,--,12,742,2022
3,Nou. Euros/m2 construït,Sants-Montjuïc,2,la Marina de Port,--,13,743,2022
3,Nou. Euros/m2 construït,Sants-Montjuïc,2,la Font de la Guatlla,5462.5,14,744,2022
3,Nou. Euros/m2 construït,Sants-Montjuïc,2,Hostafrancs,4897.1,15,745,2022
3,Nou. Euros/m2 construït,Sants-Montjuïc,2,la Bordeta,--,16,746,2022
3,Nou. Euros/m2 construït,Sants-Montjuïc,2,Sants - Badal,4326.6,17,747,2022
3,Nou. Euros/m2 construït,Sants-Montjuïc,2,Sants,--,18,748,2022
4,Nou. Euros/m2 construït,Les Corts,2,les Corts,--,19,749,2022
4,Nou. Euros/m2 construït,Les Corts,2,la Maternitat i Sant Ramon,--,20,750,2022
4,Nou. Euros/m2 construït,Les Corts,2,Pedralbes,4005.1,21,751,2022
5,Nou. Euros/m2 construït,Sarrià-Sant Gervasi,2,"Vallvidrera, el Tibidabo i les Planes",--,22,752,2022
5,Nou. Euros/m2 construït,Sarrià-Sant Gervasi,2,Sarrià,6885.9,23,753,2022
5,Nou. Euros/m2 construït,Sarrià-Sant Gervasi,2,les Tres Torres,--,24,754,2022
5,Nou. Euros/m2 construït,Sarrià-Sant Gervasi,2,Sant Gervasi - la Bonanova,7136.2,25,755,2022
5,Nou. Euros/m2 construït,Sarrià-Sant Gervasi,2,Sant Gervasi - Galvany,5878.9,26,756,2022
5,Nou. Euros/m2 construït,Sarrià-Sant Gervasi,2,el Putxet i el Farró,7662.3,27,757,2022
6,Nou. Euros/m2 construït,Gràcia,2,Vallcarca i els Penitents,4283.6,28,758,2022
6,Nou. Euros/m2 construït,Gràcia,2,el Coll,2910.3,29,759,2022
6,Nou. Euros/m2 construït,Gràcia,2,la Salut,3012.5,30,760,2022
6,Nou. Euros/m2 construït,Gràcia,2,la Vila de Gràcia,4176.9,31,761,2022
6,Nou. Euros/m2 construït,Gràcia,2,el Camp d'en Grassot i Gràcia Nova,--,32,762,2022
7,Nou. Euros/m2 construït,Horta-Guinardó,2,el Baix Guinardó,3065.1,33,763,2022
7,Nou. Euros/m2 construït,Horta-Guinardó,2,Can Baró,--,34,764,2022
7,Nou. Euros/m2 construït,Horta-Guinardó,2,el Guinardó,--,35,765,2022
7,Nou. Euros/m2 construït,Horta-Guinardó,2,la Font d'en Fargues,5511.6,36,766,2022
7,Nou. Euros/m2 construït,Horta-Guinardó,2,el Carmel,3434.7,37,767,2022
7,Nou. Euros/m2 construït,Horta-Guinardó,2,la Teixonera,3046.7,38,768,2022
7,Nou. Euros/m2 construït,Horta-Guinardó,2,Sant Genís dels Agudells,2131.7,39,769,2022
7,Nou. Euros/m2 construït,Horta-Guinardó,2,Montbau,--,40,770,2022
7,Nou. Euros/m2 construït,Horta-Guinardó,2,la Vall d'Hebron,--,41,771,2022
7,Nou. Euros/m2 construït,Horta-Guinardó,2,la Clota,--,42,772,2022
7,Nou. Euros/m2 construït,Horta-Guinardó,2,Horta,3390.7,43,773,2022
8,Nou. Euros/m2 construït,Nou Barris,2,Vilapicina i la Torre Llobeta,3557.7,44,774,2022
8,Nou. Euros/m2 construït,Nou Barris,2,Porta,2302.3,45,775,2022
8,Nou. Euros/m2 construït,Nou Barris,2,el Turó de la Peira,--,46,776,2022
8,Nou. Euros/m2 construït,Nou Barris,2,Can Peguera,--,47,777,2022
8,Nou. Euros/m2 construït,Nou Barris,2,la Guineueta,--,48,778,2022
8,Nou. Euros/m2 construït,Nou Barris,2,Canyelles,--,49,779,2022
8,Nou. Euros/m2 construït,Nou Barris,2,les Roquetes,--,50,780,2022
8,Nou. Euros/m2 construït,Nou Barris,2,Verdun,--,51,781,2022
8,Nou. Euros/m2 construït,Nou Barris,2,la Prosperitat,--,52,782,2022
8,Nou. Euros/m2 construït,Nou Barris,2,la Trinitat Nova,--,53,783,2022
8,Nou. Euros/m2 construït,Nou Barris,2,Torre Baró,--,54,784,2022
8,Nou. Euros/m2 construït,Nou Barris,2,Ciutat Meridiana,--,55,785,2022
8,Nou. Euros/m2 construït,Nou Barris,2,Vallbona,--,56,786,2022
9,Nou. Euros/m2 construït,Sant Andreu,2,la Trinitat Vella,--,57,787,2022
9,Nou. Euros/m2 construït,Sant Andreu,2,Baró de Viver,--,58,788,2022
9,Nou. Euros/m2 construït,Sant Andreu,2,el Bon Pastor,--,59,789,2022
9,Nou. Euros/m2 construït,Sant Andreu,2,Sant Andreu,--,60,790,2022
9,Nou. Euros/m2 construït,Sant Andreu,2,la Sagrera,--,61,791,2022
9,Nou. Euros/m2 construït,Sant Andreu,2,el Congrés i els Indians,--,62,792,2022
9,Nou. Euros/m2 construït,Sant Andreu,2,Navas,--,63,793,2022
10,Nou. Euros/m2 construït,Sant Martí,2,el Camp de l'Arpa del Clot,--,64,794,2022
10,Nou. Euros/m2 construït,Sant Martí,2,el Clot,5170.2,65,795,2022
10,Nou. Euros/m2 construït,Sant Martí,2,el Parc i la Llacuna del Poblenou,5632.8,66,796,2022
10,Nou. Euros/m2 construït,Sant Martí,2,la Vila Olímpica del Poblenou,--,67,797,2022
10,Nou. Euros/m2 construït,Sant Martí,2,el Poblenou,5266.5,68,798,2022
10,Nou. Euros/m2 construït,Sant Martí,2,Diagonal Mar i el Front Marítim del Poblenou,3444.3,69,799,2022
10,Nou. Euros/m2 construït,Sant Martí,2,el Besòs i el Maresme,5001.5,70,800,2022
10,Nou. Euros/m2 construït,Sant Martí,2,Provençals del Poblenou,3722.3,71,801,2022
10,Nou. Euros/m2 construït,Sant Martí,2,Sant Martí de Provençals,--,72,802,2022
10,Nou. Euros/m2 construït,Sant Martí,2,la Verneda i la Pau,--,73,803,2022
1,Usat. Euros/m2 construït,Ciutat Vella,2,el Raval,3632.6,1,804,2022
1,Usat. Euros/m2 construït,Ciutat Vella,2,el Barri Gòtic,4919.5,2,805,2022
1,Usat. Euros/m2 construït,Ciutat Vella,2,la Barceloneta,4704.7,3,806,2022
1,Usat. Euros/m2 construït,Ciutat Vella,2,"Sant Pere, Santa Caterina i la Ribera",4371.1,4,807,2022
2,Usat. Euros/m2 construït,Eixample,2,el Fort Pienc,4208.9,5,808,2022
2,Usat. Euros/m2 construït,Eixample,2,la Sagrada Família,3887.0,6,809,2022
2,Usat. Euros/m2 construït,Eixample,2,la Dreta de l'Eixample,5657.1,7,810,2022
2,Usat. Euros/m2 construït,Eixample,2,l'Antiga Esquerra de l'Eixample,5129.9,8,811,2022
2,Usat. Euros/m2 construït,Eixample,2,la Nova Esquerra de l'Eixample,4634.2,9,812,2022
2,Usat. Euros/m2 construït,Eixample,2,Sant Antoni,4448.2,10,813,2022
3,Usat. Euros/m2 construït,Sants-Montjuïc,2,el Poble Sec,3612.2,11,814,2022
3,Usat. Euros/m2 construït,Sants-Montjuïc,2,la Marina del Prat Vermell,1336.0,12,815,2022
3,Usat. Euros/m2 construït,Sants-Montjuïc,2,la Marina de Port,3425.7,13,816,2022
3,Usat. Euros/m2 construït,Sants-Montjuïc,2,la Font de la Guatlla,3530.6,14,817,2022
3,Usat. Euros/m2 construït,Sants-Montjuïc,2,Hostafrancs,4376.6,15,818,2022
3,Usat. Euros/m2 construït,Sants-Montjuïc,2,la Bordeta,2745.3,16,819,2022
3,Usat. Euros/m2 construït,Sants-Montjuïc,2,Sants - Badal,3575.8,17,820,2022
3,Usat. Euros/m2 construït,Sants-Montjuïc,2,Sants,4176.9,18,821,2022
4,Usat. Euros/m2 construït,Les Corts,2,les Corts,4516.4,19,822,2022
4,Usat. Euros/m2 construït,Les Corts,2,la Maternitat i Sant Ramon,4147.2,20,823,2022
4,Usat. Euros/m2 construït,Les Corts,2,Pedralbes,5408.3,21,824,2022
5,Usat. Euros/m2 construït,Sarrià-Sant Gervasi,2,"Vallvidrera, el Tibidabo i les Planes",5078.1,22,825,2022
5,Usat. Euros/m2 construït,Sarrià-Sant Gervasi,2,Sarrià,5561.1,23,826,2022
5,Usat. Euros/m2 construït,Sarrià-Sant Gervasi,2,les Tres Torres,5573.7,24,827,2022
5,Usat. Euros/m2 construït,Sarrià-Sant Gervasi,2,Sant Gervasi - la Bonanova,8361.3,25,828,2022
5,Usat. Euros/m2 construït,Sarrià-Sant Gervasi,2,Sant Gervasi - Galvany,6663.5,26,829,2022
5,Usat. Euros/m2 construït,Sarrià-Sant Gervasi,2,el Putxet i el Farró,4763.7,27,830,2022
6,Usat. Euros/m2 construït,Gràcia,2,Vallcarca i els Penitents,4329.1,28,831,2022
6,Usat. Euros/m2 construït,Gràcia,2,el Coll,3057.9,29,832,2022
6,Usat. Euros/m2 construït,Gràcia,2,la Salut,4392.4,30,833,2022
6,Usat. Euros/m2 construït,Gràcia,2,la Vila de Gràcia,4613.8,31,834,2022
6,Usat. Euros/m2 construït,Gràcia,2,el Camp d'en Grassot i Gràcia Nova,4413.4,32,835,2022
7,Usat. Euros/m2 construït,Horta-Guinardó,2,el Baix Guinardó,3860.3,33,836,2022
7,Usat. Euros/m2 construït,Horta-Guinardó,2,Can Baró,3291.8,34,837,2022
7,Usat. Euros/m2 construït,Horta-Guinardó,2,el Guinardó,3329.9,35,838,2022
7,Usat. Euros/m2 construït,Horta-Guinardó,2,la Font d'en Fargues,3342.7,36,839,2022
7,Usat. Euros/m2 construït,Horta-Guinardó,2,el Carmel,2845.6,37,840,2022
7,Usat. Euros/m2 construït,Horta-Guinardó,2,la Teixonera,2362.2,38,841,2022
7,Usat. Euros/m2 construït,Horta-Guinardó,2,Sant Genís dels Agudells,1958.8,39,842,2022
7,Usat. Euros/m2 construït,Horta-Guinardó,2,Montbau,3261.0,40,843,2022
7,Usat. Euros/m2 construït,Horta-Guinardó,2,la Vall d'Hebron,4706.0,41,844,2022
7,Usat. Euros/m2 construït,Horta-Guinardó,2,la Clota,--,42,845,2022
7,Usat. Euros/m2 construït,Horta-Guinardó,2,Horta,3117.6,43,846,2022
8,Usat. Euros/m2 construït,Nou Barris,2,Vilapicina i la Torre Llobeta,2773.3,44,847,2022
8,Usat. Euros/m2 construït,Nou Barris,2,Porta,2784.7,45,848,2022
8,Usat. Euros/m2 construït,Nou Barris,2,el Turó de la Peira,2364.9,46,849,2022
8,Usat. Euros/m2 construït,Nou Barris,2,Can Peguera,2448.3,47,850,2022
8,Usat. Euros/m2 construït,Nou Barris,2,la Guineueta,2996.8,48,851,2022
8,Usat. Euros/m2 construït,Nou Barris,2,Canyelles,2715.4,49,852,2022
8,Usat. Euros/m2 construït,Nou Barris,2,les Roquetes,1871.6,50,853,2022
8,Usat. Euros/m2 construït,Nou Barris,2,Verdun,2247.5,51,854,2022
8,Usat. Euros/m2 construït,Nou Barris,2,la Prosperitat,2144.4,52,855,2022
8,Usat. Euros/m2 construït,Nou Barris,2,la Trinitat Nova,1954.6,53,856,2022
8,Usat. Euros/m2 construït,Nou Barris,2,Torre Baró,--,54,857,2022
8,Usat. Euros/m2 construït,Nou Barris,2,Ciutat Meridiana,1781.3,55,858,2022
8,Usat. Euros/m2 construït,Nou Barris,2,Vallbona,--,56,859,2022
9,Usat. Euros/m2 construït,Sant Andreu,2,la Trinitat Vella,852.3,57,860,2022
9,Usat. Euros/m2 construït,Sant Andreu,2,Baró de Viver,--,58,861,2022
9,Usat. Euros/m2 construït,Sant Andreu,2,el Bon Pastor,2221.4,59,862,2022
9,Usat. Euros/m2 construït,Sant Andreu,2,Sant Andreu,3775.6,60,863,2022
9,Usat. Euros/m2 construït,Sant Andreu,2,la Sagrera,3234.7,61,864,2022
9,Usat. Euros/m2 construït,Sant Andreu,2,el Congrés i els Indians,4335.4,62,865,2022
9,Usat. Euros/m2 construït,Sant Andreu,2,Navas,3676.6,63,866,2022
10,Usat. Euros/m2 construït,Sant Martí,2,el Camp de l'Arpa del Clot,3752.8,64,867,2022
10,Usat. Euros/m2 construït,Sant Martí,2,el Clot,3782.8,65,868,2022
10,Usat. Euros/m2 construït,Sant Martí,2,el Parc i la Llacuna del Poblenou,4098.2,66,869,2022
10,Usat. Euros/m2 construït,Sant Martí,2,la Vila Olímpica del Poblenou,5984.7,67,870,2022
10,Usat. Euros/m2 construït,Sant Martí,2,el Poblenou,4540.0,68,871,2022
10,Usat. Euros/m2 construït,Sant Martí,2,Diagonal Mar i el Front Marítim del Poblenou,6613.9,69,872,2022
10,Usat. Euros/m2 construït,Sant Martí,2,el Besòs i el Maresme,2445.1,70,873,2022
10,Usat. Euros/m2 construït,Sant Martí,2,Provençals del Poblenou,3750.3,71,874,2022
10,Usat. Euros/m2 construït,Sant Martí,2,Sant Martí de Provençals,2879.9,72,875,2022
10,Usat. Euros/m2 construït,Sant Martí,2,la Verneda i la Pau,2319.5,73,876,2022
1,Total. Milers d'euros,Ciutat Vella,3,el Raval,197.8,1,877,2022
1,Total. Milers d'euros,Ciutat Vella,3,el Barri Gòtic,429.0,2,878,2022
1,Total. Milers d'euros,Ciutat Vella,3,la Barceloneta,237.7,3,879,2022
1,Total. Milers d'euros,Ciutat Vella,3,"Sant Pere, Santa Caterina i la Ribera",284.0,4,880,2022
2,Total. Milers d'euros,Eixample,3,el Fort Pienc,344.9,5,881,2022
2,Total. Milers d'euros,Eixample,3,la Sagrada Família,307.1,6,882,2022
1,Usat. Milers d'euros,Ciutat Vella,3,el Raval,197.8,1,1023,2022
2,Total. Milers d'euros,Eixample,3,la Dreta de l'Eixample,706.1,7,883,2022
2,Total. Milers d'euros,Eixample,3,l'Antiga Esquerra de l'Eixample,575.3,8,884,2022
2,Total. Milers d'euros,Eixample,3,la Nova Esquerra de l'Eixample,390.0,9,885,2022
2,Total. Milers d'euros,Eixample,3,Sant Antoni,336.6,10,886,2022
3,Total. Milers d'euros,Sants-Montjuïc,3,el Poble Sec,215.9,11,887,2022
3,Total. Milers d'euros,Sants-Montjuïc,3,la Marina del Prat Vermell,38.6,12,888,2022
3,Total. Milers d'euros,Sants-Montjuïc,3,la Marina de Port,220.5,13,889,2022
3,Total. Milers d'euros,Sants-Montjuïc,3,la Font de la Guatlla,221.3,14,890,2022
3,Total. Milers d'euros,Sants-Montjuïc,3,Hostafrancs,259.6,15,891,2022
3,Total. Milers d'euros,Sants-Montjuïc,3,la Bordeta,158.5,16,892,2022
3,Total. Milers d'euros,Sants-Montjuïc,3,Sants - Badal,193.9,17,893,2022
3,Total. Milers d'euros,Sants-Montjuïc,3,Sants,272.8,18,894,2022
4,Total. Milers d'euros,Les Corts,3,les Corts,445.8,19,895,2022
4,Total. Milers d'euros,Les Corts,3,la Maternitat i Sant Ramon,382.6,20,896,2022
4,Total. Milers d'euros,Les Corts,3,Pedralbes,1039.7,21,897,2022
5,Total. Milers d'euros,Sarrià-Sant Gervasi,3,"Vallvidrera, el Tibidabo i les Planes",413.5,22,898,2022
5,Total. Milers d'euros,Sarrià-Sant Gervasi,3,Sarrià,729.8,23,899,2022
5,Total. Milers d'euros,Sarrià-Sant Gervasi,3,les Tres Torres,1129.3,24,900,2022
5,Total. Milers d'euros,Sarrià-Sant Gervasi,3,Sant Gervasi - la Bonanova,727.7,25,901,2022
5,Total. Milers d'euros,Sarrià-Sant Gervasi,3,Sant Gervasi - Galvany,891.0,26,902,2022
5,Total. Milers d'euros,Sarrià-Sant Gervasi,3,el Putxet i el Farró,537.5,27,903,2022
6,Total. Milers d'euros,Gràcia,3,Vallcarca i els Penitents,385.5,28,904,2022
6,Total. Milers d'euros,Gràcia,3,el Coll,296.5,29,905,2022
6,Total. Milers d'euros,Gràcia,3,la Salut,358.2,30,906,2022
6,Total. Milers d'euros,Gràcia,3,la Vila de Gràcia,365.2,31,907,2022
6,Total. Milers d'euros,Gràcia,3,el Camp d'en Grassot i Gràcia Nova,356.3,32,908,2022
7,Total. Milers d'euros,Horta-Guinardó,3,el Baix Guinardó,256.6,33,909,2022
7,Total. Milers d'euros,Horta-Guinardó,3,Can Baró,245.6,34,910,2022
7,Total. Milers d'euros,Horta-Guinardó,3,el Guinardó,271.6,35,911,2022
7,Total. Milers d'euros,Horta-Guinardó,3,la Font d'en Fargues,329.9,36,912,2022
7,Total. Milers d'euros,Horta-Guinardó,3,el Carmel,204.0,37,913,2022
7,Total. Milers d'euros,Horta-Guinardó,3,la Teixonera,209.7,38,914,2022
7,Total. Milers d'euros,Horta-Guinardó,3,Sant Genís dels Agudells,200.9,39,915,2022
7,Total. Milers d'euros,Horta-Guinardó,3,Montbau,161.3,40,916,2022
7,Total. Milers d'euros,Horta-Guinardó,3,la Vall d'Hebron,259.5,41,917,2022
7,Total. Milers d'euros,Horta-Guinardó,3,la Clota,200.0,42,918,2022
7,Total. Milers d'euros,Horta-Guinardó,3,Horta,299.2,43,919,2022
8,Total. Milers d'euros,Nou Barris,3,Vilapicina i la Torre Llobeta,227.0,44,920,2022
8,Total. Milers d'euros,Nou Barris,3,Porta,181.5,45,921,2022
8,Total. Milers d'euros,Nou Barris,3,el Turó de la Peira,141.2,46,922,2022
8,Total. Milers d'euros,Nou Barris,3,Can Peguera,--,47,923,2022
8,Total. Milers d'euros,Nou Barris,3,la Guineueta,216.7,48,924,2022
8,Total. Milers d'euros,Nou Barris,3,Canyelles,167.5,49,925,2022
8,Total. Milers d'euros,Nou Barris,3,les Roquetes,135.2,50,926,2022
8,Total. Milers d'euros,Nou Barris,3,Verdun,161.6,51,927,2022
8,Total. Milers d'euros,Nou Barris,3,la Prosperitat,177.2,52,928,2022
8,Total. Milers d'euros,Nou Barris,3,la Trinitat Nova,108.0,53,929,2022
8,Total. Milers d'euros,Nou Barris,3,Torre Baró,145.0,54,930,2022
8,Total. Milers d'euros,Nou Barris,3,Ciutat Meridiana,118.6,55,931,2022
8,Total. Milers d'euros,Nou Barris,3,Vallbona,--,56,932,2022
9,Total. Milers d'euros,Sant Andreu,3,la Trinitat Vella,114.3,57,933,2022
9,Total. Milers d'euros,Sant Andreu,3,Baró de Viver,--,58,934,2022
9,Total. Milers d'euros,Sant Andreu,3,el Bon Pastor,165.5,59,935,2022
9,Total. Milers d'euros,Sant Andreu,3,Sant Andreu,325.5,60,936,2022
9,Total. Milers d'euros,Sant Andreu,3,la Sagrera,225.5,61,937,2022
9,Total. Milers d'euros,Sant Andreu,3,el Congrés i els Indians,--,62,938,2022
9,Total. Milers d'euros,Sant Andreu,3,Navas,233.9,63,939,2022
10,Total. Milers d'euros,Sant Martí,3,el Camp de l'Arpa del Clot,293.6,64,940,2022
10,Total. Milers d'euros,Sant Martí,3,el Clot,282.0,65,941,2022
10,Total. Milers d'euros,Sant Martí,3,el Parc i la Llacuna del Poblenou,451.1,66,942,2022
10,Total. Milers d'euros,Sant Martí,3,la Vila Olímpica del Poblenou,650.7,67,943,2022
10,Total. Milers d'euros,Sant Martí,3,el Poblenou,346.0,68,944,2022
10,Total. Milers d'euros,Sant Martí,3,Diagonal Mar i el Front Marítim del Poblenou,559.8,69,945,2022
10,Total. Milers d'euros,Sant Martí,3,el Besòs i el Maresme,295.9,70,946,2022
10,Total. Milers d'euros,Sant Martí,3,Provençals del Poblenou,291.9,71,947,2022
10,Total. Milers d'euros,Sant Martí,3,Sant Martí de Provençals,203.6,72,948,2022
10,Total. Milers d'euros,Sant Martí,3,la Verneda i la Pau,172.6,73,949,2022
1,Nou. Milers d'euros,Ciutat Vella,3,el Raval,--,1,950,2022
1,Nou. Milers d'euros,Ciutat Vella,3,el Barri Gòtic,483.0,2,951,2022
1,Nou. Milers d'euros,Ciutat Vella,3,la Barceloneta,--,3,952,2022
1,Nou. Milers d'euros,Ciutat Vella,3,"Sant Pere, Santa Caterina i la Ribera",--,4,953,2022
2,Nou. Milers d'euros,Eixample,3,el Fort Pienc,--,5,954,2022
2,Nou. Milers d'euros,Eixample,3,la Sagrada Família,--,6,955,2022
2,Nou. Milers d'euros,Eixample,3,la Dreta de l'Eixample,910.1,7,956,2022
2,Nou. Milers d'euros,Eixample,3,l'Antiga Esquerra de l'Eixample,1084.1,8,957,2022
2,Nou. Milers d'euros,Eixample,3,la Nova Esquerra de l'Eixample,438.0,9,958,2022
2,Nou. Milers d'euros,Eixample,3,Sant Antoni,--,10,959,2022
3,Nou. Milers d'euros,Sants-Montjuïc,3,el Poble Sec,--,11,960,2022
3,Nou. Milers d'euros,Sants-Montjuïc,3,la Marina del Prat Vermell,--,12,961,2022
3,Nou. Milers d'euros,Sants-Montjuïc,3,la Marina de Port,188.8,13,962,2022
3,Nou. Milers d'euros,Sants-Montjuïc,3,la Font de la Guatlla,226.0,14,963,2022
3,Nou. Milers d'euros,Sants-Montjuïc,3,Hostafrancs,293.4,15,964,2022
3,Nou. Milers d'euros,Sants-Montjuïc,3,la Bordeta,--,16,965,2022
3,Nou. Milers d'euros,Sants-Montjuïc,3,Sants - Badal,--,17,966,2022
3,Nou. Milers d'euros,Sants-Montjuïc,3,Sants,--,18,967,2022
4,Nou. Milers d'euros,Les Corts,3,les Corts,751.4,19,968,2022
4,Nou. Milers d'euros,Les Corts,3,la Maternitat i Sant Ramon,--,20,969,2022
4,Nou. Milers d'euros,Les Corts,3,Pedralbes,441.0,21,970,2022
5,Nou. Milers d'euros,Sarrià-Sant Gervasi,3,"Vallvidrera, el Tibidabo i les Planes",--,22,971,2022
5,Nou. Milers d'euros,Sarrià-Sant Gervasi,3,Sarrià,637.4,23,972,2022
5,Nou. Milers d'euros,Sarrià-Sant Gervasi,3,les Tres Torres,315.4,24,973,2022
5,Nou. Milers d'euros,Sarrià-Sant Gervasi,3,Sant Gervasi - la Bonanova,537.1,25,974,2022
5,Nou. Milers d'euros,Sarrià-Sant Gervasi,3,Sant Gervasi - Galvany,772.6,26,975,2022
5,Nou. Milers d'euros,Sarrià-Sant Gervasi,3,el Putxet i el Farró,257.1,27,976,2022
6,Nou. Milers d'euros,Gràcia,3,Vallcarca i els Penitents,572.3,28,977,2022
6,Nou. Milers d'euros,Gràcia,3,el Coll,361.5,29,978,2022
6,Nou. Milers d'euros,Gràcia,3,la Salut,--,30,979,2022
6,Nou. Milers d'euros,Gràcia,3,la Vila de Gràcia,219.3,31,980,2022
6,Nou. Milers d'euros,Gràcia,3,el Camp d'en Grassot i Gràcia Nova,--,32,981,2022
7,Nou. Milers d'euros,Horta-Guinardó,3,el Baix Guinardó,177.7,33,982,2022
7,Nou. Milers d'euros,Horta-Guinardó,3,Can Baró,--,34,983,2022
7,Nou. Milers d'euros,Horta-Guinardó,3,el Guinardó,422.5,35,984,2022
7,Nou. Milers d'euros,Horta-Guinardó,3,la Font d'en Fargues,--,36,985,2022
7,Nou. Milers d'euros,Horta-Guinardó,3,el Carmel,240.8,37,986,2022
7,Nou. Milers d'euros,Horta-Guinardó,3,la Teixonera,312.6,38,987,2022
7,Nou. Milers d'euros,Horta-Guinardó,3,Sant Genís dels Agudells,--,39,988,2022
7,Nou. Milers d'euros,Horta-Guinardó,3,Montbau,--,40,989,2022
7,Nou. Milers d'euros,Horta-Guinardó,3,la Vall d'Hebron,--,41,990,2022
7,Nou. Milers d'euros,Horta-Guinardó,3,la Clota,--,42,991,2022
7,Nou. Milers d'euros,Horta-Guinardó,3,Horta,358.4,43,992,2022
8,Nou. Milers d'euros,Nou Barris,3,Vilapicina i la Torre Llobeta,--,44,993,2022
8,Nou. Milers d'euros,Nou Barris,3,Porta,218.8,45,994,2022
8,Nou. Milers d'euros,Nou Barris,3,el Turó de la Peira,--,46,995,2022
8,Nou. Milers d'euros,Nou Barris,3,Can Peguera,--,47,996,2022
8,Nou. Milers d'euros,Nou Barris,3,la Guineueta,--,48,997,2022
8,Nou. Milers d'euros,Nou Barris,3,Canyelles,--,49,998,2022
8,Nou. Milers d'euros,Nou Barris,3,les Roquetes,--,50,999,2022
8,Nou. Milers d'euros,Nou Barris,3,Verdun,--,51,1000,2022
8,Nou. Milers d'euros,Nou Barris,3,la Prosperitat,--,52,1001,2022
8,Nou. Milers d'euros,Nou Barris,3,la Trinitat Nova,--,53,1002,2022
8,Nou. Milers d'euros,Nou Barris,3,Torre Baró,--,54,1003,2022
8,Nou. Milers d'euros,Nou Barris,3,Ciutat Meridiana,--,55,1004,2022
8,Nou. Milers d'euros,Nou Barris,3,Vallbona,--,56,1005,2022
9,Nou. Milers d'euros,Sant Andreu,3,la Trinitat Vella,--,57,1006,2022
9,Nou. Milers d'euros,Sant Andreu,3,Baró de Viver,--,58,1007,2022
9,Nou. Milers d'euros,Sant Andreu,3,el Bon Pastor,--,59,1008,2022
9,Nou. Milers d'euros,Sant Andreu,3,Sant Andreu,--,60,1009,2022
9,Nou. Milers d'euros,Sant Andreu,3,la Sagrera,--,61,1010,2022
9,Nou. Milers d'euros,Sant Andreu,3,el Congrés i els Indians,--,62,1011,2022
9,Nou. Milers d'euros,Sant Andreu,3,Navas,--,63,1012,2022
10,Nou. Milers d'euros,Sant Martí,3,el Camp de l'Arpa del Clot,--,64,1013,2022
10,Nou. Milers d'euros,Sant Martí,3,el Clot,--,65,1014,2022
10,Nou. Milers d'euros,Sant Martí,3,el Parc i la Llacuna del Poblenou,525.6,66,1015,2022
10,Nou. Milers d'euros,Sant Martí,3,la Vila Olímpica del Poblenou,--,67,1016,2022
10,Nou. Milers d'euros,Sant Martí,3,el Poblenou,387.6,68,1017,2022
10,Nou. Milers d'euros,Sant Martí,3,Diagonal Mar i el Front Marítim del Poblenou,285.3,69,1018,2022
10,Nou. Milers d'euros,Sant Martí,3,el Besòs i el Maresme,313.3,70,1019,2022
10,Nou. Milers d'euros,Sant Martí,3,Provençals del Poblenou,185.8,71,1020,2022
10,Nou. Milers d'euros,Sant Martí,3,Sant Martí de Provençals,--,72,1021,2022
10,Nou. Milers d'euros,Sant Martí,3,la Verneda i la Pau,--,73,1022,2022
1,Usat. Milers d'euros,Ciutat Vella,3,el Barri Gòtic,408.6,2,1024,2022
1,Usat. Milers d'euros,Ciutat Vella,3,la Barceloneta,239.9,3,1025,2022
1,Usat. Milers d'euros,Ciutat Vella,3,"Sant Pere, Santa Caterina i la Ribera",286.1,4,1026,2022
2,Usat. Milers d'euros,Eixample,3,el Fort Pienc,344.9,5,1027,2022
2,Usat. Milers d'euros,Eixample,3,la Sagrada Família,306.8,6,1028,2022
2,Usat. Milers d'euros,Eixample,3,la Dreta de l'Eixample,648.1,7,1029,2022
2,Usat. Milers d'euros,Eixample,3,l'Antiga Esquerra de l'Eixample,523.9,8,1030,2022
2,Usat. Milers d'euros,Eixample,3,la Nova Esquerra de l'Eixample,383.7,9,1031,2022
2,Usat. Milers d'euros,Eixample,3,Sant Antoni,338.9,10,1032,2022
3,Usat. Milers d'euros,Sants-Montjuïc,3,el Poble Sec,215.9,11,1033,2022
3,Usat. Milers d'euros,Sants-Montjuïc,3,la Marina del Prat Vermell,38.6,12,1034,2022
3,Usat. Milers d'euros,Sants-Montjuïc,3,la Marina de Port,223.7,13,1035,2022
3,Usat. Milers d'euros,Sants-Montjuïc,3,la Font de la Guatlla,217.7,14,1036,2022
3,Usat. Milers d'euros,Sants-Montjuïc,3,Hostafrancs,249.8,15,1037,2022
3,Usat. Milers d'euros,Sants-Montjuïc,3,la Bordeta,158.5,16,1038,2022
3,Usat. Milers d'euros,Sants-Montjuïc,3,Sants - Badal,193.9,17,1039,2022
3,Usat. Milers d'euros,Sants-Montjuïc,3,Sants,276.0,18,1040,2022
4,Usat. Milers d'euros,Les Corts,3,les Corts,420.3,19,1041,2022
4,Usat. Milers d'euros,Les Corts,3,la Maternitat i Sant Ramon,382.6,20,1042,2022
4,Usat. Milers d'euros,Les Corts,3,Pedralbes,1128.4,21,1043,2022
5,Usat. Milers d'euros,Sarrià-Sant Gervasi,3,"Vallvidrera, el Tibidabo i les Planes",422.9,22,1044,2022
5,Usat. Milers d'euros,Sarrià-Sant Gervasi,3,Sarrià,739.9,23,1045,2022
5,Usat. Milers d'euros,Sarrià-Sant Gervasi,3,les Tres Torres,1205.6,24,1046,2022
5,Usat. Milers d'euros,Sarrià-Sant Gervasi,3,Sant Gervasi - la Bonanova,767.3,25,1047,2022
5,Usat. Milers d'euros,Sarrià-Sant Gervasi,3,Sant Gervasi - Galvany,914.1,26,1048,2022
5,Usat. Milers d'euros,Sarrià-Sant Gervasi,3,el Putxet i el Farró,550.6,27,1049,2022
6,Usat. Milers d'euros,Gràcia,3,Vallcarca i els Penitents,363.6,28,1050,2022
6,Usat. Milers d'euros,Gràcia,3,el Coll,276.5,29,1051,2022
6,Usat. Milers d'euros,Gràcia,3,la Salut,349.1,30,1052,2022
6,Usat. Milers d'euros,Gràcia,3,la Vila de Gràcia,391.8,31,1053,2022
6,Usat. Milers d'euros,Gràcia,3,el Camp d'en Grassot i Gràcia Nova,356.3,32,1054,2022
7,Usat. Milers d'euros,Horta-Guinardó,3,el Baix Guinardó,266.4,33,1055,2022
7,Usat. Milers d'euros,Horta-Guinardó,3,Can Baró,245.6,34,1056,2022
7,Usat. Milers d'euros,Horta-Guinardó,3,el Guinardó,264.5,35,1057,2022
7,Usat. Milers d'euros,Horta-Guinardó,3,la Font d'en Fargues,318.5,36,1058,2022
7,Usat. Milers d'euros,Horta-Guinardó,3,el Carmel,190.5,37,1059,2022
7,Usat. Milers d'euros,Horta-Guinardó,3,la Teixonera,168.5,38,1060,2022
7,Usat. Milers d'euros,Horta-Guinardó,3,Sant Genís dels Agudells,211.0,39,1061,2022
7,Usat. Milers d'euros,Horta-Guinardó,3,Montbau,175.0,40,1062,2022
7,Usat. Milers d'euros,Horta-Guinardó,3,la Vall d'Hebron,259.8,41,1063,2022
7,Usat. Milers d'euros,Horta-Guinardó,3,la Clota,200.0,42,1064,2022
7,Usat. Milers d'euros,Horta-Guinardó,3,Horta,261.6,43,1065,2022
8,Usat. Milers d'euros,Nou Barris,3,Vilapicina i la Torre Llobeta,222.9,44,1066,2022
8,Usat. Milers d'euros,Nou Barris,3,Porta,170.8,45,1067,2022
8,Usat. Milers d'euros,Nou Barris,3,el Turó de la Peira,137.9,46,1068,2022
8,Usat. Milers d'euros,Nou Barris,3,Can Peguera,--,47,1069,2022
8,Usat. Milers d'euros,Nou Barris,3,la Guineueta,216.7,48,1070,2022
8,Usat. Milers d'euros,Nou Barris,3,Canyelles,167.5,49,1071,2022
8,Usat. Milers d'euros,Nou Barris,3,les Roquetes,135.2,50,1072,2022
8,Usat. Milers d'euros,Nou Barris,3,Verdun,161.6,51,1073,2022
8,Usat. Milers d'euros,Nou Barris,3,la Prosperitat,177.2,52,1074,2022
8,Usat. Milers d'euros,Nou Barris,3,la Trinitat Nova,108.0,53,1075,2022
8,Usat. Milers d'euros,Nou Barris,3,Torre Baró,145.0,54,1076,2022
8,Usat. Milers d'euros,Nou Barris,3,Ciutat Meridiana,118.6,55,1077,2022
8,Usat. Milers d'euros,Nou Barris,3,Vallbona,--,56,1078,2022
9,Usat. Milers d'euros,Sant Andreu,3,la Trinitat Vella,114.3,57,1079,2022
9,Usat. Milers d'euros,Sant Andreu,3,Baró de Viver,--,58,1080,2022
9,Usat. Milers d'euros,Sant Andreu,3,el Bon Pastor,165.5,59,1081,2022
9,Usat. Milers d'euros,Sant Andreu,3,Sant Andreu,327.4,60,1082,2022
9,Usat. Milers d'euros,Sant Andreu,3,la Sagrera,225.5,61,1083,2022
9,Usat. Milers d'euros,Sant Andreu,3,el Congrés i els Indians,--,62,1084,2022
9,Usat. Milers d'euros,Sant Andreu,3,Navas,233.9,63,1085,2022
10,Usat. Milers d'euros,Sant Martí,3,el Camp de l'Arpa del Clot,290.7,64,1086,2022
10,Usat. Milers d'euros,Sant Martí,3,el Clot,282.0,65,1087,2022
10,Usat. Milers d'euros,Sant Martí,3,el Parc i la Llacuna del Poblenou,279.3,66,1088,2022
10,Usat. Milers d'euros,Sant Martí,3,la Vila Olímpica del Poblenou,640.4,67,1089,2022
10,Usat. Milers d'euros,Sant Martí,3,el Poblenou,335.7,68,1090,2022
10,Usat. Milers d'euros,Sant Martí,3,Diagonal Mar i el Front Marítim del Poblenou,586.3,69,1091,2022
10,Usat. Milers d'euros,Sant Martí,3,el Besòs i el Maresme,292.1,70,1092,2022
10,Usat. Milers d'euros,Sant Martí,3,Provençals del Poblenou,310.8,71,1093,2022
10,Usat. Milers d'euros,Sant Martí,3,Sant Martí de Provençals,203.6,72,1094,2022
10,Usat. Milers d'euros,Sant Martí,3,la Verneda i la Pau,172.6,73,1095,2022
1,Total. Euros/m2 construït,Ciutat Vella,3,el Raval,3222.4,1,1096,2022
1,Total. Euros/m2 construït,Ciutat Vella,3,el Barri Gòtic,4519.5,2,1097,2022
1,Total. Euros/m2 construït,Ciutat Vella,3,la Barceloneta,4921.7,3,1098,2022
1,Total. Euros/m2 construït,Ciutat Vella,3,"Sant Pere, Santa Caterina i la Ribera",4175.7,4,1099,2022
2,Total. Euros/m2 construït,Eixample,3,el Fort Pienc,4339.1,5,1100,2022
2,Total. Euros/m2 construït,Eixample,3,la Sagrada Família,4233.2,6,1101,2022
2,Total. Euros/m2 construït,Eixample,3,la Dreta de l'Eixample,6255.8,7,1102,2022
2,Total. Euros/m2 construït,Eixample,3,l'Antiga Esquerra de l'Eixample,5268.3,8,1103,2022
2,Total. Euros/m2 construït,Eixample,3,la Nova Esquerra de l'Eixample,4762.6,9,1104,2022
2,Total. Euros/m2 construït,Eixample,3,Sant Antoni,4325.7,10,1105,2022
3,Total. Euros/m2 construït,Sants-Montjuïc,3,el Poble Sec,3612.9,11,1106,2022
3,Total. Euros/m2 construït,Sants-Montjuïc,3,la Marina del Prat Vermell,476.5,12,1107,2022
3,Total. Euros/m2 construït,Sants-Montjuïc,3,la Marina de Port,3252.6,13,1108,2022
3,Total. Euros/m2 construït,Sants-Montjuïc,3,la Font de la Guatlla,2814.6,14,1109,2022
3,Total. Euros/m2 construït,Sants-Montjuïc,3,Hostafrancs,3754.2,15,1110,2022
3,Total. Euros/m2 construït,Sants-Montjuïc,3,la Bordeta,2241.9,16,1111,2022
3,Total. Euros/m2 construït,Sants-Montjuïc,3,Sants - Badal,3560.9,17,1112,2022
3,Total. Euros/m2 construït,Sants-Montjuïc,3,Sants,4014.2,18,1113,2022
4,Total. Euros/m2 construït,Les Corts,3,les Corts,4916.4,19,1114,2022
4,Total. Euros/m2 construït,Les Corts,3,la Maternitat i Sant Ramon,4424.5,20,1115,2022
4,Total. Euros/m2 construït,Les Corts,3,Pedralbes,5989.7,21,1116,2022
5,Total. Euros/m2 construït,Sarrià-Sant Gervasi,3,"Vallvidrera, el Tibidabo i les Planes",3603.1,22,1117,2022
5,Total. Euros/m2 construït,Sarrià-Sant Gervasi,3,Sarrià,6305.9,23,1118,2022
5,Total. Euros/m2 construït,Sarrià-Sant Gervasi,3,les Tres Torres,7084.6,24,1119,2022
5,Total. Euros/m2 construït,Sarrià-Sant Gervasi,3,Sant Gervasi - la Bonanova,6532.5,25,1120,2022
5,Total. Euros/m2 construït,Sarrià-Sant Gervasi,3,Sant Gervasi - Galvany,6671.1,26,1121,2022
5,Total. Euros/m2 construït,Sarrià-Sant Gervasi,3,el Putxet i el Farró,5683.5,27,1122,2022
6,Total. Euros/m2 construït,Gràcia,3,Vallcarca i els Penitents,4908.4,28,1123,2022
6,Total. Euros/m2 construït,Gràcia,3,el Coll,3986.0,29,1124,2022
6,Total. Euros/m2 construït,Gràcia,3,la Salut,4668.7,30,1125,2022
6,Total. Euros/m2 construït,Gràcia,3,la Vila de Gràcia,4747.0,31,1126,2022
6,Total. Euros/m2 construït,Gràcia,3,el Camp d'en Grassot i Gràcia Nova,4642.7,32,1127,2022
7,Total. Euros/m2 construït,Horta-Guinardó,3,el Baix Guinardó,3587.4,33,1128,2022
7,Total. Euros/m2 construït,Horta-Guinardó,3,Can Baró,3070.5,34,1129,2022
7,Total. Euros/m2 construït,Horta-Guinardó,3,el Guinardó,3574.7,35,1130,2022
7,Total. Euros/m2 construït,Horta-Guinardó,3,la Font d'en Fargues,3442.3,36,1131,2022
7,Total. Euros/m2 construït,Horta-Guinardó,3,el Carmel,2881.7,37,1132,2022
7,Total. Euros/m2 construït,Horta-Guinardó,3,la Teixonera,3289.9,38,1133,2022
7,Total. Euros/m2 construït,Horta-Guinardó,3,Sant Genís dels Agudells,2987.5,39,1134,2022
7,Total. Euros/m2 construït,Horta-Guinardó,3,Montbau,2914.3,40,1135,2022
7,Total. Euros/m2 construït,Horta-Guinardó,3,la Vall d'Hebron,4835.4,41,1136,2022
7,Total. Euros/m2 construït,Horta-Guinardó,3,la Clota,2210.5,42,1137,2022
7,Total. Euros/m2 construït,Horta-Guinardó,3,Horta,4215.2,43,1138,2022
8,Total. Euros/m2 construït,Nou Barris,3,Vilapicina i la Torre Llobeta,3034.8,44,1139,2022
8,Total. Euros/m2 construït,Nou Barris,3,Porta,2801.5,45,1140,2022
8,Total. Euros/m2 construït,Nou Barris,3,el Turó de la Peira,2327.6,46,1141,2022
8,Total. Euros/m2 construït,Nou Barris,3,Can Peguera,--,47,1142,2022
8,Total. Euros/m2 construït,Nou Barris,3,la Guineueta,2846.8,48,1143,2022
8,Total. Euros/m2 construït,Nou Barris,3,Canyelles,2611.8,49,1144,2022
8,Total. Euros/m2 construït,Nou Barris,3,les Roquetes,2238.1,50,1145,2022
8,Total. Euros/m2 construït,Nou Barris,3,Verdun,2560.9,51,1146,2022
8,Total. Euros/m2 construït,Nou Barris,3,la Prosperitat,2685.3,52,1147,2022
8,Total. Euros/m2 construït,Nou Barris,3,la Trinitat Nova,1981.5,53,1148,2022
8,Total. Euros/m2 construït,Nou Barris,3,Torre Baró,2377.1,54,1149,2022
8,Total. Euros/m2 construït,Nou Barris,3,Ciutat Meridiana,2020.4,55,1150,2022
8,Total. Euros/m2 construït,Nou Barris,3,Vallbona,--,56,1151,2022
9,Total. Euros/m2 construït,Sant Andreu,3,la Trinitat Vella,1609.1,57,1152,2022
9,Total. Euros/m2 construït,Sant Andreu,3,Baró de Viver,--,58,1153,2022
9,Total. Euros/m2 construït,Sant Andreu,3,el Bon Pastor,2417.6,59,1154,2022
9,Total. Euros/m2 construït,Sant Andreu,3,Sant Andreu,3495.3,60,1155,2022
9,Total. Euros/m2 construït,Sant Andreu,3,la Sagrera,3440.6,61,1156,2022
9,Total. Euros/m2 construït,Sant Andreu,3,el Congrés i els Indians,--,62,1157,2022
9,Total. Euros/m2 construït,Sant Andreu,3,Navas,3006.1,63,1158,2022
10,Total. Euros/m2 construït,Sant Martí,3,el Camp de l'Arpa del Clot,3847.1,64,1159,2022
10,Total. Euros/m2 construït,Sant Martí,3,el Clot,3948.6,65,1160,2022
10,Total. Euros/m2 construït,Sant Martí,3,el Parc i la Llacuna del Poblenou,5395.4,66,1161,2022
10,Total. Euros/m2 construït,Sant Martí,3,la Vila Olímpica del Poblenou,5826.5,67,1162,2022
10,Total. Euros/m2 construït,Sant Martí,3,el Poblenou,4813.8,68,1163,2022
10,Total. Euros/m2 construït,Sant Martí,3,Diagonal Mar i el Front Marítim del Poblenou,6204.5,69,1164,2022
10,Total. Euros/m2 construït,Sant Martí,3,el Besòs i el Maresme,3264.6,70,1165,2022
10,Total. Euros/m2 construït,Sant Martí,3,Provençals del Poblenou,3829.9,71,1166,2022
10,Total. Euros/m2 construït,Sant Martí,3,Sant Martí de Provençals,2930.3,72,1167,2022
10,Total. Euros/m2 construït,Sant Martí,3,la Verneda i la Pau,2456.7,73,1168,2022
1,Nou. Euros/m2 construït,Ciutat Vella,3,el Raval,--,1,1169,2022
1,Nou. Euros/m2 construït,Ciutat Vella,3,el Barri Gòtic,5550.5,2,1170,2022
1,Nou. Euros/m2 construït,Ciutat Vella,3,la Barceloneta,--,3,1171,2022
1,Nou. Euros/m2 construït,Ciutat Vella,3,"Sant Pere, Santa Caterina i la Ribera",--,4,1172,2022
2,Nou. Euros/m2 construït,Eixample,3,el Fort Pienc,--,5,1173,2022
2,Nou. Euros/m2 construït,Eixample,3,la Sagrada Família,--,6,1174,2022
2,Nou. Euros/m2 construït,Eixample,3,la Dreta de l'Eixample,7719.3,7,1175,2022
2,Nou. Euros/m2 construït,Eixample,3,l'Antiga Esquerra de l'Eixample,7666.2,8,1176,2022
2,Nou. Euros/m2 construït,Eixample,3,la Nova Esquerra de l'Eixample,4667.6,9,1177,2022
2,Nou. Euros/m2 construït,Eixample,3,Sant Antoni,--,10,1178,2022
3,Nou. Euros/m2 construït,Sants-Montjuïc,3,el Poble Sec,--,11,1179,2022
3,Nou. Euros/m2 construït,Sants-Montjuïc,3,la Marina del Prat Vermell,--,12,1180,2022
3,Nou. Euros/m2 construït,Sants-Montjuïc,3,la Marina de Port,2946.7,13,1181,2022
3,Nou. Euros/m2 construït,Sants-Montjuïc,3,la Font de la Guatlla,2756.0,14,1182,2022
3,Nou. Euros/m2 construït,Sants-Montjuïc,3,Hostafrancs,4016.5,15,1183,2022
3,Nou. Euros/m2 construït,Sants-Montjuïc,3,la Bordeta,--,16,1184,2022
3,Nou. Euros/m2 construït,Sants-Montjuïc,3,Sants - Badal,--,17,1185,2022
3,Nou. Euros/m2 construït,Sants-Montjuïc,3,Sants,--,18,1186,2022
4,Nou. Euros/m2 construït,Les Corts,3,les Corts,8250.8,19,1187,2022
4,Nou. Euros/m2 construït,Les Corts,3,la Maternitat i Sant Ramon,--,20,1188,2022
4,Nou. Euros/m2 construït,Les Corts,3,Pedralbes,5730.5,21,1189,2022
5,Nou. Euros/m2 construït,Sarrià-Sant Gervasi,3,"Vallvidrera, el Tibidabo i les Planes",--,22,1190,2022
5,Nou. Euros/m2 construït,Sarrià-Sant Gervasi,3,Sarrià,5683.5,23,1191,2022
5,Nou. Euros/m2 construït,Sarrià-Sant Gervasi,3,les Tres Torres,4722.6,24,1192,2022
5,Nou. Euros/m2 construït,Sarrià-Sant Gervasi,3,Sant Gervasi - la Bonanova,6408.7,25,1193,2022
5,Nou. Euros/m2 construït,Sarrià-Sant Gervasi,3,Sant Gervasi - Galvany,6474.1,26,1194,2022
5,Nou. Euros/m2 construït,Sarrià-Sant Gervasi,3,el Putxet i el Farró,3365.7,27,1195,2022
6,Nou. Euros/m2 construït,Gràcia,3,Vallcarca i els Penitents,6897.4,28,1196,2022
6,Nou. Euros/m2 construït,Gràcia,3,el Coll,5268.2,29,1197,2022
6,Nou. Euros/m2 construït,Gràcia,3,la Salut,--,30,1198,2022
6,Nou. Euros/m2 construït,Gràcia,3,la Vila de Gràcia,2859.2,31,1199,2022
6,Nou. Euros/m2 construït,Gràcia,3,el Camp d'en Grassot i Gràcia Nova,--,32,1200,2022
7,Nou. Euros/m2 construït,Horta-Guinardó,3,el Baix Guinardó,2753.0,33,1201,2022
7,Nou. Euros/m2 construït,Horta-Guinardó,3,Can Baró,--,34,1202,2022
7,Nou. Euros/m2 construït,Horta-Guinardó,3,el Guinardó,4728.2,35,1203,2022
7,Nou. Euros/m2 construït,Horta-Guinardó,3,la Font d'en Fargues,--,36,1204,2022
7,Nou. Euros/m2 construït,Horta-Guinardó,3,el Carmel,2915.4,37,1205,2022
7,Nou. Euros/m2 construït,Horta-Guinardó,3,la Teixonera,4380.2,38,1206,2022
7,Nou. Euros/m2 construït,Horta-Guinardó,3,Sant Genís dels Agudells,--,39,1207,2022
7,Nou. Euros/m2 construït,Horta-Guinardó,3,Montbau,--,40,1208,2022
7,Nou. Euros/m2 construït,Horta-Guinardó,3,la Vall d'Hebron,--,41,1209,2022
7,Nou. Euros/m2 construït,Horta-Guinardó,3,la Clota,--,42,1210,2022
7,Nou. Euros/m2 construït,Horta-Guinardó,3,Horta,4781.4,43,1211,2022
8,Nou. Euros/m2 construït,Nou Barris,3,Vilapicina i la Torre Llobeta,--,44,1212,2022
8,Nou. Euros/m2 construït,Nou Barris,3,Porta,2416.9,45,1213,2022
8,Nou. Euros/m2 construït,Nou Barris,3,el Turó de la Peira,--,46,1214,2022
8,Nou. Euros/m2 construït,Nou Barris,3,Can Peguera,--,47,1215,2022
8,Nou. Euros/m2 construït,Nou Barris,3,la Guineueta,--,48,1216,2022
8,Nou. Euros/m2 construït,Nou Barris,3,Canyelles,--,49,1217,2022
8,Nou. Euros/m2 construït,Nou Barris,3,les Roquetes,--,50,1218,2022
8,Nou. Euros/m2 construït,Nou Barris,3,Verdun,--,51,1219,2022
8,Nou. Euros/m2 construït,Nou Barris,3,la Prosperitat,--,52,1220,2022
8,Nou. Euros/m2 construït,Nou Barris,3,la Trinitat Nova,--,53,1221,2022
8,Nou. Euros/m2 construït,Nou Barris,3,Torre Baró,--,54,1222,2022
8,Nou. Euros/m2 construït,Nou Barris,3,Ciutat Meridiana,--,55,1223,2022
8,Nou. Euros/m2 construït,Nou Barris,3,Vallbona,--,56,1224,2022
9,Nou. Euros/m2 construït,Sant Andreu,3,la Trinitat Vella,--,57,1225,2022
9,Nou. Euros/m2 construït,Sant Andreu,3,Baró de Viver,--,58,1226,2022
9,Nou. Euros/m2 construït,Sant Andreu,3,el Bon Pastor,--,59,1227,2022
9,Nou. Euros/m2 construït,Sant Andreu,3,Sant Andreu,--,60,1228,2022
9,Nou. Euros/m2 construït,Sant Andreu,3,la Sagrera,--,61,1229,2022
9,Nou. Euros/m2 construït,Sant Andreu,3,el Congrés i els Indians,--,62,1230,2022
9,Nou. Euros/m2 construït,Sant Andreu,3,Navas,--,63,1231,2022
10,Nou. Euros/m2 construït,Sant Martí,3,el Camp de l'Arpa del Clot,--,64,1232,2022
10,Nou. Euros/m2 construït,Sant Martí,3,el Clot,--,65,1233,2022
10,Nou. Euros/m2 construït,Sant Martí,3,el Parc i la Llacuna del Poblenou,6058.7,66,1234,2022
10,Nou. Euros/m2 construït,Sant Martí,3,la Vila Olímpica del Poblenou,--,67,1235,2022
10,Nou. Euros/m2 construït,Sant Martí,3,el Poblenou,5479.6,68,1236,2022
10,Nou. Euros/m2 construït,Sant Martí,3,Diagonal Mar i el Front Marítim del Poblenou,4221.3,69,1237,2022
10,Nou. Euros/m2 construït,Sant Martí,3,el Besòs i el Maresme,3920.5,70,1238,2022
10,Nou. Euros/m2 construït,Sant Martí,3,Provençals del Poblenou,2585.7,71,1239,2022
10,Nou. Euros/m2 construït,Sant Martí,3,Sant Martí de Provençals,--,72,1240,2022
10,Nou. Euros/m2 construït,Sant Martí,3,la Verneda i la Pau,--,73,1241,2022
1,Usat. Euros/m2 construït,Ciutat Vella,3,el Raval,3222.4,1,1242,2022
1,Usat. Euros/m2 construït,Ciutat Vella,3,el Barri Gòtic,4129.4,2,1243,2022
1,Usat. Euros/m2 construït,Ciutat Vella,3,la Barceloneta,4910.2,3,1244,2022
1,Usat. Euros/m2 construït,Ciutat Vella,3,"Sant Pere, Santa Caterina i la Ribera",4170.7,4,1245,2022
2,Usat. Euros/m2 construït,Eixample,3,el Fort Pienc,4339.1,5,1246,2022
2,Usat. Euros/m2 construït,Eixample,3,la Sagrada Família,4221.5,6,1247,2022
2,Usat. Euros/m2 construït,Eixample,3,la Dreta de l'Eixample,5839.5,7,1248,2022
2,Usat. Euros/m2 construït,Eixample,3,l'Antiga Esquerra de l'Eixample,5025.8,8,1249,2022
2,Usat. Euros/m2 construït,Eixample,3,la Nova Esquerra de l'Eixample,4775.2,9,1250,2022
2,Usat. Euros/m2 construït,Eixample,3,Sant Antoni,4317.0,10,1251,2022
3,Usat. Euros/m2 construït,Sants-Montjuïc,3,el Poble Sec,3612.9,11,1252,2022
3,Usat. Euros/m2 construït,Sants-Montjuïc,3,la Marina del Prat Vermell,476.5,12,1253,2022
3,Usat. Euros/m2 construït,Sants-Montjuïc,3,la Marina de Port,3283.2,13,1254,2022
3,Usat. Euros/m2 construït,Sants-Montjuïc,3,la Font de la Guatlla,2858.5,14,1255,2022
3,Usat. Euros/m2 construït,Sants-Montjuïc,3,Hostafrancs,3677.7,15,1256,2022
3,Usat. Euros/m2 construït,Sants-Montjuïc,3,la Bordeta,2241.9,16,1257,2022
3,Usat. Euros/m2 construït,Sants-Montjuïc,3,Sants - Badal,3560.9,17,1258,2022
3,Usat. Euros/m2 construït,Sants-Montjuïc,3,Sants,4031.7,18,1259,2022
4,Usat. Euros/m2 construït,Les Corts,3,les Corts,4638.6,19,1260,2022
4,Usat. Euros/m2 construït,Les Corts,3,la Maternitat i Sant Ramon,4424.5,20,1261,2022
4,Usat. Euros/m2 construït,Les Corts,3,Pedralbes,6028.1,21,1262,2022
5,Usat. Euros/m2 construït,Sarrià-Sant Gervasi,3,"Vallvidrera, el Tibidabo i les Planes",3914.3,22,1263,2022
5,Usat. Euros/m2 construït,Sarrià-Sant Gervasi,3,Sarrià,6373.5,23,1264,2022
5,Usat. Euros/m2 construït,Sarrià-Sant Gervasi,3,les Tres Torres,7306.0,24,1265,2022
5,Usat. Euros/m2 construït,Sarrià-Sant Gervasi,3,Sant Gervasi - la Bonanova,6558.2,25,1266,2022
5,Usat. Euros/m2 construït,Sarrià-Sant Gervasi,3,Sant Gervasi - Galvany,6709.6,26,1267,2022
5,Usat. Euros/m2 construït,Sarrià-Sant Gervasi,3,el Putxet i el Farró,5792.1,27,1268,2022
6,Usat. Euros/m2 construït,Gràcia,3,Vallcarca i els Penitents,4674.4,28,1269,2022
6,Usat. Euros/m2 construït,Gràcia,3,el Coll,3591.5,29,1270,2022
6,Usat. Euros/m2 construït,Gràcia,3,la Salut,4532.4,30,1271,2022
6,Usat. Euros/m2 construït,Gràcia,3,la Vila de Gràcia,5090.2,31,1272,2022
6,Usat. Euros/m2 construït,Gràcia,3,el Camp d'en Grassot i Gràcia Nova,4642.7,32,1273,2022
7,Usat. Euros/m2 construït,Horta-Guinardó,3,el Baix Guinardó,3691.7,33,1274,2022
7,Usat. Euros/m2 construït,Horta-Guinardó,3,Can Baró,3070.5,34,1275,2022
7,Usat. Euros/m2 construït,Horta-Guinardó,3,el Guinardó,3520.4,35,1276,2022
7,Usat. Euros/m2 construït,Horta-Guinardó,3,la Font d'en Fargues,3194.4,36,1277,2022
7,Usat. Euros/m2 construït,Horta-Guinardó,3,el Carmel,2869.3,37,1278,2022
7,Usat. Euros/m2 construït,Horta-Guinardó,3,la Teixonera,2853.8,38,1279,2022
7,Usat. Euros/m2 construït,Horta-Guinardó,3,Sant Genís dels Agudells,3126.5,39,1280,2022
7,Usat. Euros/m2 construït,Horta-Guinardó,3,Montbau,2996.8,40,1281,2022
7,Usat. Euros/m2 construït,Horta-Guinardó,3,la Vall d'Hebron,4970.2,41,1282,2022
7,Usat. Euros/m2 construït,Horta-Guinardó,3,la Clota,2210.5,42,1283,2022
7,Usat. Euros/m2 construït,Horta-Guinardó,3,Horta,3854.9,43,1284,2022
8,Usat. Euros/m2 construït,Nou Barris,3,Vilapicina i la Torre Llobeta,3009.3,44,1285,2022
8,Usat. Euros/m2 construït,Nou Barris,3,Porta,2911.4,45,1286,2022
8,Usat. Euros/m2 construït,Nou Barris,3,el Turó de la Peira,2215.7,46,1287,2022
8,Usat. Euros/m2 construït,Nou Barris,3,Can Peguera,--,47,1288,2022
8,Usat. Euros/m2 construït,Nou Barris,3,la Guineueta,2846.8,48,1289,2022
8,Usat. Euros/m2 construït,Nou Barris,3,Canyelles,2611.8,49,1290,2022
8,Usat. Euros/m2 construït,Nou Barris,3,les Roquetes,2238.1,50,1291,2022
8,Usat. Euros/m2 construït,Nou Barris,3,Verdun,2560.9,51,1292,2022
8,Usat. Euros/m2 construït,Nou Barris,3,la Prosperitat,2685.3,52,1293,2022
8,Usat. Euros/m2 construït,Nou Barris,3,la Trinitat Nova,1981.5,53,1294,2022
8,Usat. Euros/m2 construït,Nou Barris,3,Torre Baró,2377.1,54,1295,2022
8,Usat. Euros/m2 construït,Nou Barris,3,Ciutat Meridiana,2020.4,55,1296,2022
8,Usat. Euros/m2 construït,Nou Barris,3,Vallbona,--,56,1297,2022
9,Usat. Euros/m2 construït,Sant Andreu,3,la Trinitat Vella,1609.1,57,1298,2022
9,Usat. Euros/m2 construït,Sant Andreu,3,Baró de Viver,--,58,1299,2022
9,Usat. Euros/m2 construït,Sant Andreu,3,el Bon Pastor,2417.6,59,1300,2022
9,Usat. Euros/m2 construït,Sant Andreu,3,Sant Andreu,3520.3,60,1301,2022
9,Usat. Euros/m2 construït,Sant Andreu,3,la Sagrera,3440.6,61,1302,2022
9,Usat. Euros/m2 construït,Sant Andreu,3,el Congrés i els Indians,--,62,1303,2022
9,Usat. Euros/m2 construït,Sant Andreu,3,Navas,3006.1,63,1304,2022
10,Usat. Euros/m2 construït,Sant Martí,3,el Camp de l'Arpa del Clot,3833.6,64,1305,2022
10,Usat. Euros/m2 construït,Sant Martí,3,el Clot,3948.6,65,1306,2022
10,Usat. Euros/m2 construït,Sant Martí,3,el Parc i la Llacuna del Poblenou,3866.9,66,1307,2022
10,Usat. Euros/m2 construït,Sant Martí,3,la Vila Olímpica del Poblenou,5726.4,67,1308,2022
10,Usat. Euros/m2 construït,Sant Martí,3,el Poblenou,4649.8,68,1309,2022
10,Usat. Euros/m2 construït,Sant Martí,3,Diagonal Mar i el Front Marítim del Poblenou,6396.4,69,1310,2022
10,Usat. Euros/m2 construït,Sant Martí,3,el Besòs i el Maresme,3122.0,70,1311,2022
10,Usat. Euros/m2 construït,Sant Martí,3,Provençals del Poblenou,4052.1,71,1312,2022
10,Usat. Euros/m2 construït,Sant Martí,3,Sant Martí de Provençals,2930.3,72,1313,2022
10,Usat. Euros/m2 construït,Sant Martí,3,la Verneda i la Pau,2456.7,73,1314,2022
